image_id,true_burden,predicted_burden,absolute_error,signed_error,host,disease,display_class
0_apple_black_rot_61,0.1080337340160455,0.1512603759765625,0.043226641960516995,0.043226641960516995,Apple,apple black rot,Apple — Black Rot
0_apple_black_rot_google_0000,0.0547685185185185,0.06689071655273438,0.012122198034215874,0.012122198034215874,Apple,apple black rot,Apple — Black Rot
0_apple_black_rot_google_0012,0.1060705414803775,0.10382080078125,0.002249740699127506,-0.002249740699127506,Apple,apple black rot,Apple — Black Rot
0_apple_black_rot_google_0016,0.0355812459858702,0.037143707275390625,0.0015624612895204226,0.0015624612895204226,Apple,apple black rot,Apple — Black Rot
0_apple_black_rot_google_0022,0.5580628272251309,0.5191116333007812,0.03895119392434965,-0.03895119392434965,Apple,apple black rot,Apple — Black Rot
0_apple_black_rot_google_0026,0.1209713774597495,0.10939788818359375,0.011573489276155743,-0.011573489276155743,Apple,apple black rot,Apple — Black Rot
0_apple_black_rot_google_0071,0.1733583333333333,0.20925521850585938,0.035896885172526066,0.035896885172526066,Apple,apple black rot,Apple — Black Rot
0_apple_black_rot_google_0093,0.3285097668557026,0.13006210327148438,0.19844766358421823,-0.19844766358421823,Apple,apple black rot,Apple — Black Rot
0_apple_black_rot_google_0136,0.3858155588624338,0.2748565673828125,0.1109589914796213,-0.1109589914796213,Apple,apple black rot,Apple — Black Rot
5_banana_black_leaf_streak_Baidu_0008,0.0767816265060241,0.08733367919921875,0.010552052693194647,0.010552052693194647,Banana,banana black leaf streak,Banana — Black Sigatoka
5_banana_black_leaf_streak_Baidu_0072,0.0205612444742879,0.02007293701171875,0.00048830746256915,-0.00048830746256915,Banana,banana black leaf streak,Banana — Black Sigatoka
5_banana_black_leaf_streak_Baidu_0073,0.6148804983473176,0.42604827880859375,0.18883221953872387,-0.18883221953872387,Banana,banana black leaf streak,Banana — Black Sigatoka
5_banana_black_leaf_streak_Bing_0003,0.2126884460449218,0.19760894775390625,0.015079498291015542,-0.015079498291015542,Banana,banana black leaf streak,Banana — Black Sigatoka
5_banana_black_leaf_streak_Bing_0044,0.5169386666666667,0.2946128845214844,0.22232578214518228,-0.22232578214518228,Banana,banana black leaf streak,Banana — Black Sigatoka
5_banana_black_leaf_streak_Bing_0056,0.9982421875,0.7845306396484375,0.21371154785156254,-0.21371154785156254,Banana,banana black leaf streak,Banana — Black Sigatoka
5_banana_black_leaf_streak_Bing_0073,0.2118026666666666,0.19538497924804688,0.016417687418619736,-0.016417687418619736,Banana,banana black leaf streak,Banana — Black Sigatoka
5_banana_black_leaf_streak_Bing_0165,0.449115996868476,0.25263214111328125,0.19648385575519473,-0.19648385575519473,Banana,banana black leaf streak,Banana — Black Sigatoka
5_banana_black_leaf_streak_Bing_0166,0.994532949856196,0.9524574279785156,0.04207552187768038,-0.04207552187768038,Banana,banana black leaf streak,Banana — Black Sigatoka
5_banana_black_leaf_streak_banana black sigatoka (13),0.2501009114583333,0.2940864562988281,0.04398554484049483,0.04398554484049483,Banana,banana black leaf streak,Banana — Black Sigatoka
5_banana_black_leaf_streak_banana black sigatoka (29),0.2306392669157553,0.21512222290039062,0.015517044015364662,-0.015517044015364662,Banana,banana black leaf streak,Banana — Black Sigatoka
5_banana_black_leaf_streak_banana black sigatoka (55),0.9987772194304858,0.6348609924316406,0.3639162269988452,-0.3639162269988452,Banana,banana black leaf streak,Banana — Black Sigatoka
5_banana_black_leaf_streak_banana black sigatoka (6),0.2287765565767583,0.21895217895507812,0.009824377621680175,-0.009824377621680175,Banana,banana black leaf streak,Banana — Black Sigatoka
5_banana_black_leaf_streak_banana black sigatoka (63),0.5037546666666667,0.4126472473144531,0.09110741935221356,-0.09110741935221356,Banana,banana black leaf streak,Banana — Black Sigatoka
5_banana_black_leaf_streak_banana black sigatoka (9),0.9932230247641508,0.7845306396484375,0.2086923851157133,-0.2086923851157133,Banana,banana black leaf streak,Banana — Black Sigatoka
14_bell_pepper_bacterial_spot_Bing_0000,0.037517787839586,0.070404052734375,0.032886264894789,0.032886264894789,Bell pepper,bell pepper bacterial spot,Bell Pepper — Bacterial Spot
14_bell_pepper_bacterial_spot_Bing_0044,0.0172616106719367,0.0307769775390625,0.013515366867125799,0.013515366867125799,Bell pepper,bell pepper bacterial spot,Bell Pepper — Bacterial Spot
14_bell_pepper_bacterial_spot_Bing_0108,0.0269703703703703,0.045879364013671875,0.018908993643301574,0.018908993643301574,Bell pepper,bell pepper bacterial spot,Bell Pepper — Bacterial Spot
14_bell_pepper_bacterial_spot_Bing_0110,0.0192949848790322,0.06877517700195312,0.04948019212292093,0.04948019212292093,Bell pepper,bell pepper bacterial spot,Bell Pepper — Bacterial Spot
14_bell_pepper_bacterial_spot_Google_0000,0.0435624191461837,0.070404052734375,0.026841633588191298,0.026841633588191298,Bell pepper,bell pepper bacterial spot,Bell Pepper — Bacterial Spot
14_bell_pepper_bacterial_spot_Google_0008,0.0259962962962962,0.045879364013671875,0.019883067717375674,0.019883067717375674,Bell pepper,bell pepper bacterial spot,Bell Pepper — Bacterial Spot
14_bell_pepper_bacterial_spot_Google_0061,0.0589068287037037,0.06515121459960938,0.006244385895905674,0.006244385895905674,Bell pepper,bell pepper bacterial spot,Bell Pepper — Bacterial Spot
38_citrus_canker_106,0.0280042016806722,0.024322509765625,0.0036816919150471986,-0.0036816919150471986,Citrus,citrus canker,Citrus — Citrus Canker
38_citrus_canker_124,0.1114371141975308,0.09854507446289062,0.012892039734640176,-0.012892039734640176,Citrus,citrus canker,Citrus — Citrus Canker
38_citrus_canker_127,0.0066152263374485,0.009883880615234375,0.003268654277785875,0.003268654277785875,Citrus,citrus canker,Citrus — Citrus Canker
38_citrus_canker_139,0.175362196290659,0.13423919677734375,0.041122999513315245,-0.041122999513315245,Citrus,citrus canker,Citrus — Citrus Canker
38_citrus_canker_158,0.0649107981220657,0.052188873291015625,0.012721924831050072,-0.012721924831050072,Citrus,citrus canker,Citrus — Citrus Canker
38_citrus_canker_176,0.0704947916666666,0.017147064208984375,0.05334772745768222,-0.05334772745768222,Citrus,citrus canker,Citrus — Citrus Canker
38_citrus_canker_183,0.062897566134175,0.038417816162109375,0.02447974997206563,-0.02447974997206563,Citrus,citrus canker,Citrus — Citrus Canker
38_citrus_canker_192,0.0697818202942811,0.06275558471679688,0.007026235577484219,-0.007026235577484219,Citrus,citrus canker,Citrus — Citrus Canker
38_citrus_canker_2,0.023073307141484,0.048675537109375,0.025602229967891,0.025602229967891,Citrus,citrus canker,Citrus — Citrus Canker
38_citrus_canker_236,0.0085670977397444,0.026195526123046875,0.017628428383302475,0.017628428383302475,Citrus,citrus canker,Citrus — Citrus Canker
38_citrus_canker_250,0.015108,0.0251312255859375,0.0100232255859375,0.0100232255859375,Citrus,citrus canker,Citrus — Citrus Canker
38_citrus_canker_260,0.2166861484511981,0.16014480590820312,0.05654134254299498,-0.05654134254299498,Citrus,citrus canker,Citrus — Citrus Canker
38_citrus_canker_271,0.0216681134259259,0.0420074462890625,0.0203393328631366,0.0203393328631366,Citrus,citrus canker,Citrus — Citrus Canker
38_citrus_canker_296,0.2448973607038123,0.186004638671875,0.058892722031937295,-0.058892722031937295,Citrus,citrus canker,Citrus — Citrus Canker
38_citrus_canker_30,0.2808901753660507,0.20672225952148438,0.07416791584456633,-0.07416791584456633,Citrus,citrus canker,Citrus — Citrus Canker
38_citrus_canker_304,0.0605320460939607,0.08756256103515625,0.02703051494119555,0.02703051494119555,Citrus,citrus canker,Citrus — Citrus Canker
38_citrus_canker_305,0.063344407530454,0.039295196533203125,0.02404921099725088,-0.02404921099725088,Citrus,citrus canker,Citrus — Citrus Canker
38_citrus_canker_31,0.1258142248376623,0.22216796875,0.0963537439123377,0.0963537439123377,Citrus,citrus canker,Citrus — Citrus Canker
38_citrus_canker_311,0.1315365720524017,0.09695053100585938,0.03458604104654234,-0.03458604104654234,Citrus,citrus canker,Citrus — Citrus Canker
38_citrus_canker_318,0.1021115040565841,0.12815093994140625,0.026039435884822146,0.026039435884822146,Citrus,citrus canker,Citrus — Citrus Canker
38_citrus_canker_397,0.0551018409714061,0.039794921875,0.0153069190964061,-0.0153069190964061,Citrus,citrus canker,Citrus — Citrus Canker
38_citrus_canker_403,0.1522714725136051,0.1430816650390625,0.009189807474542594,-0.009189807474542594,Citrus,citrus canker,Citrus — Citrus Canker
38_citrus_canker_43,0.0399051143024619,0.03887176513671875,0.0010333491657431512,-0.0010333491657431512,Citrus,citrus canker,Citrus — Citrus Canker
38_citrus_canker_443,0.0777060991957104,0.0649871826171875,0.012718916578522907,-0.012718916578522907,Citrus,citrus canker,Citrus — Citrus Canker
38_citrus_canker_61,0.0478693181818181,0.10029983520507812,0.05243051702326002,0.05243051702326002,Citrus,citrus canker,Citrus — Citrus Canker
38_citrus_canker_68,0.0306439142920256,0.06834793090820312,0.037704016616177526,0.037704016616177526,Citrus,citrus canker,Citrus — Citrus Canker
38_citrus_canker_7,0.0515387088477366,0.03650665283203125,0.015032056015705349,-0.015032056015705349,Citrus,citrus canker,Citrus — Citrus Canker
38_citrus_canker_87,0.0086228862636089,0.011188507080078125,0.002565620816469225,0.002565620816469225,Citrus,citrus canker,Citrus — Citrus Canker
38_citrus_canker_9,0.0629976851851851,0.06408309936523438,0.001085414180049274,0.001085414180049274,Citrus,citrus canker,Citrus — Citrus Canker
38_citrus_canker_google_0037,0.1196158854166666,0.12524032592773438,0.00562444051106778,0.00562444051106778,Citrus,citrus canker,Citrus — Citrus Canker
38_citrus_canker_google_0042,0.0347709655761718,0.08407211303710938,0.049301147460937576,0.049301147460937576,Citrus,citrus canker,Citrus — Citrus Canker
38_citrus_canker_google_0052,0.0108658854166666,0.01572418212890625,0.004858296712239651,0.004858296712239651,Citrus,citrus canker,Citrus — Citrus Canker
38_citrus_canker_google_0150,0.1608815426997245,0.1862335205078125,0.02535197780808801,0.02535197780808801,Citrus,citrus canker,Citrus — Citrus Canker
38_citrus_canker_google_0174,0.0658333333333333,0.06303787231445312,0.0027954610188801743,-0.0027954610188801743,Citrus,citrus canker,Citrus — Citrus Canker
38_citrus_canker_google_0197,0.0938804362021679,0.4924774169921875,0.3985969807900196,0.3985969807900196,Citrus,citrus canker,Citrus — Citrus Canker
38_citrus_canker_google_0294,0.0222890946502057,0.01876068115234375,0.0035284134978619507,-0.0035284134978619507,Citrus,citrus canker,Citrus — Citrus Canker
44_corn_gray_leaf_spot_google_0003,0.3424045138888889,0.3339576721191406,0.008446841769748248,-0.008446841769748248,Corn,corn gray leaf spot,Corn — Gray Leaf Spot
44_corn_gray_leaf_spot_google_0006,0.2387854799600627,0.28842926025390625,0.04964378029384356,0.04964378029384356,Corn,corn gray leaf spot,Corn — Gray Leaf Spot
44_corn_gray_leaf_spot_google_0021,0.3374936210541663,0.38631439208984375,0.048820771035677446,0.048820771035677446,Corn,corn gray leaf spot,Corn — Gray Leaf Spot
44_corn_gray_leaf_spot_google_0049,0.0230799220272904,0.018512725830078125,0.004567196197212273,-0.004567196197212273,Corn,corn gray leaf spot,Corn — Gray Leaf Spot
44_corn_gray_leaf_spot_google_0067,0.1960924499229584,0.22945022583007812,0.03335777590711972,0.03335777590711972,Corn,corn gray leaf spot,Corn — Gray Leaf Spot
44_corn_gray_leaf_spot_google_0140,0.9424412266565552,0.8722763061523438,0.07016492050421141,-0.07016492050421141,Corn,corn gray leaf spot,Corn — Gray Leaf Spot
44_corn_gray_leaf_spot_google_0152,0.1221268518518518,0.1226806640625,0.0005538122106481941,0.0005538122106481941,Corn,corn gray leaf spot,Corn — Gray Leaf Spot
44_corn_gray_leaf_spot_google_0187,0.6733087057147944,0.6715354919433594,0.0017732137714350227,-0.0017732137714350227,Corn,corn gray leaf spot,Corn — Gray Leaf Spot
59_grape_downy_mildew_102,0.1364340560072267,0.16488265991210938,0.028448603904882686,0.028448603904882686,Grape,grape downy mildew,Grape — Downy Mildew
59_grape_downy_mildew_148,0.182355,0.16184234619140625,0.02051265380859374,-0.02051265380859374,Grape,grape downy mildew,Grape — Downy Mildew
59_grape_downy_mildew_150,0.492899512884978,0.3141021728515625,0.17879734003341552,-0.17879734003341552,Grape,grape downy mildew,Grape — Downy Mildew
59_grape_downy_mildew_161,0.0347108666567563,0.029327392578125,0.005383474078631302,-0.005383474078631302,Grape,grape downy mildew,Grape — Downy Mildew
59_grape_downy_mildew_17,0.2204234081419624,0.2128753662109375,0.007548041931024901,-0.007548041931024901,Grape,grape downy mildew,Grape — Downy Mildew
59_grape_downy_mildew_171,0.3880666666666666,0.3546600341796875,0.033406632486979115,-0.033406632486979115,Grape,grape downy mildew,Grape — Downy Mildew
59_grape_downy_mildew_216,0.1784518970189701,0.16488265991210938,0.013569237106860726,-0.013569237106860726,Grape,grape downy mildew,Grape — Downy Mildew
59_grape_downy_mildew_221,0.1440481283422459,0.1641998291015625,0.020151700759316604,0.020151700759316604,Grape,grape downy mildew,Grape — Downy Mildew
59_grape_downy_mildew_231,0.110851094470046,0.07975387573242188,0.031097218737624124,-0.031097218737624124,Grape,grape downy mildew,Grape — Downy Mildew
59_grape_downy_mildew_277,0.0976025688988651,0.10601806640625,0.008415497507384906,0.008415497507384906,Grape,grape downy mildew,Grape — Downy Mildew
59_grape_downy_mildew_36,0.7004539924631317,0.6796798706054688,0.02077412185766292,-0.02077412185766292,Grape,grape downy mildew,Grape — Downy Mildew
59_grape_downy_mildew_72,0.5457545771865121,0.4906463623046875,0.0551082148818246,-0.0551082148818246,Grape,grape downy mildew,Grape — Downy Mildew
59_grape_downy_mildew_74,0.4409662921348314,0.1538238525390625,0.2871424395957689,-0.2871424395957689,Grape,grape downy mildew,Grape — Downy Mildew
59_grape_downy_mildew_google_0016,0.0107628038194444,0.0238037109375,0.0130409071180556,0.0130409071180556,Grape,grape downy mildew,Grape — Downy Mildew
59_grape_downy_mildew_google_0019,0.3152364583333333,0.07218551635742188,0.24305094197591143,-0.24305094197591143,Grape,grape downy mildew,Grape — Downy Mildew
59_grape_downy_mildew_google_0027,0.0848809523809523,0.094146728515625,0.009265776134672707,0.009265776134672707,Grape,grape downy mildew,Grape — Downy Mildew
59_grape_downy_mildew_google_0046,0.2330202515936142,0.15631866455078125,0.07670158704283295,-0.07670158704283295,Grape,grape downy mildew,Grape — Downy Mildew
59_grape_downy_mildew_google_0071,0.1250651041666666,0.1017913818359375,0.023273722330729107,-0.023273722330729107,Grape,grape downy mildew,Grape — Downy Mildew
59_grape_downy_mildew_google_0115,0.2935213032581453,0.3083229064941406,0.014801603235995331,0.014801603235995331,Grape,grape downy mildew,Grape — Downy Mildew
59_grape_downy_mildew_google_0200,0.1433811802232855,0.0555267333984375,0.087854446824848,-0.087854446824848,Grape,grape downy mildew,Grape — Downy Mildew
59_grape_downy_mildew_google_0219,0.0756603422619047,0.10540390014648438,0.029743557884579677,0.029743557884579677,Grape,grape downy mildew,Grape — Downy Mildew
59_grape_downy_mildew_google_0232,0.2026848591549295,0.16715240478515625,0.03553245436977326,-0.03553245436977326,Grape,grape downy mildew,Grape — Downy Mildew
59_grape_downy_mildew_google_0264,0.420237037037037,0.10780715942382812,0.3124298776132089,-0.3124298776132089,Grape,grape downy mildew,Grape — Downy Mildew
59_grape_downy_mildew_google_0379,0.6007783391876603,0.6114082336425781,0.010629894454917799,0.010629894454917799,Grape,grape downy mildew,Grape — Downy Mildew
76_potato_late_blight_37,0.1192716607601124,0.09366226196289062,0.02560939879722178,-0.02560939879722178,Potato,potato late blight,Potato — Late Blight
76_potato_late_blight_google_0022,0.351992935489868,0.23114395141601562,0.12084898407385236,-0.12084898407385236,Potato,potato late blight,Potato — Late Blight
76_potato_late_blight_google_0036,0.0624592592592592,0.045658111572265625,0.016801147686993576,-0.016801147686993576,Potato,potato late blight,Potato — Late Blight
76_potato_late_blight_google_0038,0.0464868215031315,0.03574371337890625,0.01074310812422525,-0.01074310812422525,Potato,potato late blight,Potato — Late Blight
76_potato_late_blight_google_0042,0.0699544557051845,0.09516525268554688,0.02521079698036237,0.02521079698036237,Potato,potato late blight,Potato — Late Blight
76_potato_late_blight_google_0130,0.1938874771698562,0.17992401123046875,0.013963465939387437,-0.013963465939387437,Potato,potato late blight,Potato — Late Blight
76_potato_late_blight_google_0154,0.2000816243240485,0.21282196044921875,0.012740336125170254,0.012740336125170254,Potato,potato late blight,Potato — Late Blight
76_potato_late_blight_google_0175,0.223878592908595,0.21222686767578125,0.011651725232813742,-0.011651725232813742,Potato,potato late blight,Potato — Late Blight
76_potato_late_blight_google_0178,0.02119,0.02820587158203125,0.0070158715820312495,0.0070158715820312495,Potato,potato late blight,Potato — Late Blight
86_soybean_frog_eye_leaf_spot_Bing_0010,0.183292,0.11824798583984375,0.06504401416015626,-0.06504401416015626,Soybean,soybean frog eye leaf spot,Soybean — Frogeye Leaf Spot
86_soybean_frog_eye_leaf_spot_Bing_0023,0.1251875559488932,0.09491348266601562,0.030274073282877567,-0.030274073282877567,Soybean,soybean frog eye leaf spot,Soybean — Frogeye Leaf Spot
86_soybean_frog_eye_leaf_spot_Bing_0044,0.4024467468261719,0.3851966857910156,0.01725006103515625,-0.01725006103515625,Soybean,soybean frog eye leaf spot,Soybean — Frogeye Leaf Spot
86_soybean_frog_eye_leaf_spot_Bing_0048,0.3032464591567852,0.29534912109375,0.00789733806303522,-0.00789733806303522,Soybean,soybean frog eye leaf spot,Soybean — Frogeye Leaf Spot
86_soybean_frog_eye_leaf_spot_Bing_0057,0.3874836156483162,0.3825035095214844,0.004980106126831807,-0.004980106126831807,Soybean,soybean frog eye leaf spot,Soybean — Frogeye Leaf Spot
86_soybean_frog_eye_leaf_spot_Bing_0063,0.6197075041956366,0.7685203552246094,0.1488128510289728,0.1488128510289728,Soybean,soybean frog eye leaf spot,Soybean — Frogeye Leaf Spot
86_soybean_frog_eye_leaf_spot_Bing_0075,0.4120968253968254,0.4013710021972656,0.01072582319955978,-0.01072582319955978,Soybean,soybean frog eye leaf spot,Soybean — Frogeye Leaf Spot
86_soybean_frog_eye_leaf_spot_Bing_0098,0.2980176290699766,0.4811210632324219,0.1831034341624453,0.1831034341624453,Soybean,soybean frog eye leaf spot,Soybean — Frogeye Leaf Spot
86_soybean_frog_eye_leaf_spot_Bing_0107,0.560935960591133,0.552459716796875,0.008476243794258043,-0.008476243794258043,Soybean,soybean frog eye leaf spot,Soybean — Frogeye Leaf Spot
86_soybean_frog_eye_leaf_spot_Bing_0120,0.3340547068807938,0.2575416564941406,0.07651305038665318,-0.07651305038665318,Soybean,soybean frog eye leaf spot,Soybean — Frogeye Leaf Spot
86_soybean_frog_eye_leaf_spot_Bing_0139,0.0980224609375,0.2748832702636719,0.17686080932617188,0.17686080932617188,Soybean,soybean frog eye leaf spot,Soybean — Frogeye Leaf Spot
86_soybean_frog_eye_leaf_spot_Bing_0144,0.3391653182308522,0.2880973815917969,0.051067936639055345,-0.051067936639055345,Soybean,soybean frog eye leaf spot,Soybean — Frogeye Leaf Spot
86_soybean_frog_eye_leaf_spot_Bing_0184,0.2072423299153646,0.17668914794921875,0.030553181966145843,-0.030553181966145843,Soybean,soybean frog eye leaf spot,Soybean — Frogeye Leaf Spot
86_soybean_frog_eye_leaf_spot_Bing_0220,0.170987418985894,0.291351318359375,0.12036389937348099,0.12036389937348099,Soybean,soybean frog eye leaf spot,Soybean — Frogeye Leaf Spot
86_soybean_frog_eye_leaf_spot_Google_0031,0.570474817069914,0.6581802368164062,0.08770541974649226,0.08770541974649226,Soybean,soybean frog eye leaf spot,Soybean — Frogeye Leaf Spot
86_soybean_frog_eye_leaf_spot_Google_0064,0.2985940375414059,0.2934074401855469,0.005186597355859024,-0.005186597355859024,Soybean,soybean frog eye leaf spot,Soybean — Frogeye Leaf Spot
86_soybean_frog_eye_leaf_spot_Google_0213,0.1622085571289062,0.17668914794921875,0.014480590820312556,0.014480590820312556,Soybean,soybean frog eye leaf spot,Soybean — Frogeye Leaf Spot
86_soybean_frog_eye_leaf_spot_Google_0355,0.2542141106121701,0.3889808654785156,0.13476675486634554,0.13476675486634554,Soybean,soybean frog eye leaf spot,Soybean — Frogeye Leaf Spot
97_tomato_early_blight_121,0.4353622291021672,0.4519081115722656,0.016545882470098416,0.016545882470098416,Tomato,tomato early blight,Tomato — Early Blight
97_tomato_early_blight_242,0.0452949002217294,0.02520751953125,0.020087380690479398,-0.020087380690479398,Tomato,tomato early blight,Tomato — Early Blight
97_tomato_early_blight_28,0.0809798020718791,0.09349441528320312,0.012514613211324022,0.012514613211324022,Tomato,tomato early blight,Tomato — Early Blight
97_tomato_early_blight_29,0.0372348004769654,0.045024871826171875,0.007790071349206472,0.007790071349206472,Tomato,tomato early blight,Tomato — Early Blight
97_tomato_early_blight_93,0.2851955114966267,0.3272056579589844,0.04201014646235768,0.04201014646235768,Tomato,tomato early blight,Tomato — Early Blight
97_tomato_early_blight_google_0013,0.0640077243018419,0.07593154907226562,0.011923824770423724,0.011923824770423724,Tomato,tomato early blight,Tomato — Early Blight
97_tomato_early_blight_google_0021,0.1219723264540337,0.12305831909179688,0.0010859926377631696,0.0010859926377631696,Tomato,tomato early blight,Tomato — Early Blight
97_tomato_early_blight_google_0032,0.0920907297830374,0.38645172119140625,0.29436099140836886,0.29436099140836886,Tomato,tomato early blight,Tomato — Early Blight
97_tomato_early_blight_google_0040,0.0429631944444444,0.043018341064453125,5.514662000872389e-05,5.514662000872389e-05,Tomato,tomato early blight,Tomato — Early Blight
97_tomato_early_blight_google_0044,0.2116333333333333,0.2115325927734375,0.00010074055989581221,-0.00010074055989581221,Tomato,tomato early blight,Tomato — Early Blight
97_tomato_early_blight_google_0101,0.2371281464530892,0.3292503356933594,0.09212218924027019,0.09212218924027019,Tomato,tomato early blight,Tomato — Early Blight
97_tomato_early_blight_google_0117,0.0185070744902205,0.024692535400390625,0.0061854609101701236,0.0061854609101701236,Tomato,tomato early blight,Tomato — Early Blight
97_tomato_early_blight_google_0120,0.0261087570621468,0.0558013916015625,0.0296926345394157,0.0296926345394157,Tomato,tomato early blight,Tomato — Early Blight
97_tomato_early_blight_google_0145,0.1439384793683753,0.12146759033203125,0.02247088903634406,-0.02247088903634406,Tomato,tomato early blight,Tomato — Early Blight
97_tomato_early_blight_google_0183,0.0358463541666666,0.12208938598632812,0.08624303181966153,0.08624303181966153,Tomato,tomato early blight,Tomato — Early Blight
97_tomato_early_blight_google_0353,0.1304306851380642,0.17551040649414062,0.045079721356076435,0.045079721356076435,Tomato,tomato early blight,Tomato — Early Blight
105_wheat_leaf_rust_Baidu_0009,0.2421123456790123,0.24167633056640625,0.0004360151126060474,-0.0004360151126060474,Wheat,wheat leaf rust,Wheat — Leaf Rust
105_wheat_leaf_rust_Bing_0051,0.2181427647474471,0.17873382568359375,0.03940893906385334,-0.03940893906385334,Wheat,wheat leaf rust,Wheat — Leaf Rust
105_wheat_leaf_rust_Google_0251,0.7286105371900826,0.728790283203125,0.00017974601304238114,0.00017974601304238114,Wheat,wheat leaf rust,Wheat — Leaf Rust
105_wheat_leaf_rust_Google_0263,0.2319029648750911,0.175994873046875,0.0559080918282161,-0.0559080918282161,Wheat,wheat leaf rust,Wheat — Leaf Rust
105_wheat_leaf_rust_Google_0367,0.0820930577531645,0.101348876953125,0.0192558191999605,0.0192558191999605,Wheat,wheat leaf rust,Wheat — Leaf Rust
105_wheat_leaf_rust_Google_0387,0.0396785714285714,0.054218292236328125,0.014539720807756722,0.014539720807756722,Wheat,wheat leaf rust,Wheat — Leaf Rust
0_apple_black_rot_7,0.041673276845769,0.035121917724609375,0.006551359121159624,-0.006551359121159624,Apple,apple black rot,Apple — Black Rot
5_banana_black_leaf_streak_Bing_0094,0.7050281954887218,0.7195320129394531,0.014503817450731371,0.014503817450731371,Banana,banana black leaf streak,Banana — Black Sigatoka
5_banana_black_leaf_streak_banana black sigatoka (91),0.6323693015474697,0.6381607055664062,0.005791404018936519,0.005791404018936519,Banana,banana black leaf streak,Banana — Black Sigatoka
14_bell_pepper_bacterial_spot_Bing_0019,0.0614827473958333,0.057010650634765625,0.004472096761067676,-0.004472096761067676,Bell pepper,bell pepper bacterial spot,Bell Pepper — Bacterial Spot
38_citrus_canker_103,0.0060612739695834,0.022502899169921875,0.016441625200338476,0.016441625200338476,Citrus,citrus canker,Citrus — Citrus Canker
38_citrus_canker_107,0.0497792881165919,0.043487548828125,0.006291739288466901,-0.006291739288466901,Citrus,citrus canker,Citrus — Citrus Canker
38_citrus_canker_11,0.0388552517361111,0.07822418212890625,0.03936893039279515,0.03936893039279515,Citrus,citrus canker,Citrus — Citrus Canker
38_citrus_canker_125,0.1201665296052631,0.10582733154296875,0.014339198062294348,-0.014339198062294348,Citrus,citrus canker,Citrus — Citrus Canker
38_citrus_canker_130,0.0189673353909465,0.09760284423828125,0.07863550884733475,0.07863550884733475,Citrus,citrus canker,Citrus — Citrus Canker
38_citrus_canker_147,0.0721795243619489,0.07764816284179688,0.005468638479847979,0.005468638479847979,Citrus,citrus canker,Citrus — Citrus Canker
38_citrus_canker_149,0.2056141651606658,0.2151947021484375,0.009580536987771698,0.009580536987771698,Citrus,citrus canker,Citrus — Citrus Canker
38_citrus_canker_26,0.0702848575712143,0.09778594970703125,0.027501092135816946,0.027501092135816946,Citrus,citrus canker,Citrus — Citrus Canker
38_citrus_canker_321,0.0873140857392826,0.09111404418945312,0.003799958450170532,0.003799958450170532,Citrus,citrus canker,Citrus — Citrus Canker
38_citrus_canker_352,0.1767067070065602,0.124420166015625,0.05228654099093519,-0.05228654099093519,Citrus,citrus canker,Citrus — Citrus Canker
38_citrus_canker_4,0.4345041069941048,0.12919998168945312,0.3053041253046517,-0.3053041253046517,Citrus,citrus canker,Citrus — Citrus Canker
38_citrus_canker_google_0093,0.0874503396129693,0.1037139892578125,0.016263649644843198,0.016263649644843198,Citrus,citrus canker,Citrus — Citrus Canker
44_corn_gray_leaf_spot_31,0.0751482536116408,0.15534591674804688,0.08019766313640607,0.08019766313640607,Corn,corn gray leaf spot,Corn — Gray Leaf Spot
44_corn_gray_leaf_spot_google_0066,0.0477215863721054,0.077362060546875,0.0296404741747696,0.0296404741747696,Corn,corn gray leaf spot,Corn — Gray Leaf Spot
44_corn_gray_leaf_spot_google_0089,0.4266625111383332,0.17314910888671875,0.25351340225161445,-0.25351340225161445,Corn,corn gray leaf spot,Corn — Gray Leaf Spot
59_grape_downy_mildew_190,0.0805663104640958,0.10786056518554688,0.02729425472145107,0.02729425472145107,Grape,grape downy mildew,Grape — Downy Mildew
59_grape_downy_mildew_202,0.2445632424877707,0.24274826049804688,0.001814981989723824,-0.001814981989723824,Grape,grape downy mildew,Grape — Downy Mildew
59_grape_downy_mildew_203,0.118272,0.15057754516601562,0.03230554516601562,0.03230554516601562,Grape,grape downy mildew,Grape — Downy Mildew
59_grape_downy_mildew_29,0.2943263319672131,0.16416168212890625,0.13016464983830683,-0.13016464983830683,Grape,grape downy mildew,Grape — Downy Mildew
59_grape_downy_mildew_google_0001,0.0923190709320816,0.09218978881835938,0.00012928211372222054,-0.00012928211372222054,Grape,grape downy mildew,Grape — Downy Mildew
59_grape_downy_mildew_google_0033,0.013927304964539,0.07118988037109375,0.05726257540655475,0.05726257540655475,Grape,grape downy mildew,Grape — Downy Mildew
59_grape_downy_mildew_google_0133,0.3328222036647757,0.24486541748046875,0.08795678618430697,-0.08795678618430697,Grape,grape downy mildew,Grape — Downy Mildew
59_grape_downy_mildew_google_0206,0.1831074108818011,0.22492599487304688,0.04181858399124577,0.04181858399124577,Grape,grape downy mildew,Grape — Downy Mildew
76_potato_late_blight_google_0053,0.0676304761904761,0.08123397827148438,0.013603502081008273,0.013603502081008273,Potato,potato late blight,Potato — Late Blight
76_potato_late_blight_google_0082,0.0221747936984246,0.029331207275390625,0.007156413576966024,0.007156413576966024,Potato,potato late blight,Potato — Late Blight
76_potato_late_blight_google_0100,0.044704586501078,0.06706619262695312,0.022361606125875122,0.022361606125875122,Potato,potato late blight,Potato — Late Blight
86_soybean_frog_eye_leaf_spot_Baidu_0012,0.2119808265652308,0.2508430480957031,0.038862221530472335,0.038862221530472335,Soybean,soybean frog eye leaf spot,Soybean — Frogeye Leaf Spot
86_soybean_frog_eye_leaf_spot_Bing_0047,0.2189791666666666,0.2113189697265625,0.007660196940104114,-0.007660196940104114,Soybean,soybean frog eye leaf spot,Soybean — Frogeye Leaf Spot
86_soybean_frog_eye_leaf_spot_Bing_0126,0.0667092314901593,0.0424041748046875,0.024305056685471796,-0.024305056685471796,Soybean,soybean frog eye leaf spot,Soybean — Frogeye Leaf Spot
86_soybean_frog_eye_leaf_spot_Google_0362,0.3554557291666667,0.23488616943359375,0.12056955973307293,-0.12056955973307293,Soybean,soybean frog eye leaf spot,Soybean — Frogeye Leaf Spot
97_tomato_early_blight_155,0.1295307017543859,0.10816574096679688,0.021364960787589038,-0.021364960787589038,Tomato,tomato early blight,Tomato — Early Blight
97_tomato_early_blight_173,0.0754733558845495,0.09749984741210938,0.02202649152755988,0.02202649152755988,Tomato,tomato early blight,Tomato — Early Blight
97_tomato_early_blight_191,0.0476596955470194,0.048858642578125,0.001198947031105603,0.001198947031105603,Tomato,tomato early blight,Tomato — Early Blight
97_tomato_early_blight_4,0.061032967032967,0.07189178466796875,0.010858817635001752,0.010858817635001752,Tomato,tomato early blight,Tomato — Early Blight
97_tomato_early_blight_google_0247,0.1094921508903467,0.12205886840820312,0.01256671751785643,0.01256671751785643,Tomato,tomato early blight,Tomato — Early Blight
97_tomato_early_blight_google_0267,0.1277230795035223,0.12767410278320312,4.897672031917155e-05,-4.897672031917155e-05,Tomato,tomato early blight,Tomato — Early Blight
97_tomato_early_blight_google_0319,0.02925,0.021457672119140625,0.007792327880859377,-0.007792327880859377,Tomato,tomato early blight,Tomato — Early Blight
105_wheat_leaf_rust_Baidu_0317,0.1391079092581238,0.11579513549804688,0.023312773760076927,-0.023312773760076927,Wheat,wheat leaf rust,Wheat — Leaf Rust
105_wheat_leaf_rust_Bing_0020,0.2563952095808383,0.12588882446289062,0.13050638511794765,-0.13050638511794765,Wheat,wheat leaf rust,Wheat — Leaf Rust
105_wheat_leaf_rust_Google_0058,0.4216470925921496,0.3727149963378906,0.04893209625425898,-0.04893209625425898,Wheat,wheat leaf rust,Wheat — Leaf Rust
105_wheat_leaf_rust_Google_0103,0.294356170299243,0.24839019775390625,0.04596597254533674,-0.04596597254533674,Wheat,wheat leaf rust,Wheat — Leaf Rust
105_wheat_leaf_rust_Google_0358,0.1970996845076659,0.18142318725585938,0.01567649725180653,-0.01567649725180653,Wheat,wheat leaf rust,Wheat — Leaf Rust
60_grape_leaf_spot_google_0041,0.0,0.5301895141601562,0.5301895141601562,0.5301895141601562,Grape,grape leaf spot,Grape — Healthy
