epoch,train_loss,val_loss,train_macro_f1,val_macro_f1,val_balanced_acc
1,2.2117778778076174,2.0246074497699738,0.17915326356887817,0.40410757064819336,0.4332590401172638
2,1.8693814436594645,1.6950513124465942,0.5214030146598816,0.6938089728355408,0.7266192436218262
3,1.5010690291722615,1.3029792606830597,0.6921560764312744,0.73897385597229,0.7736754417419434
4,1.1314807613690694,0.9569509476423264,0.7596772909164429,0.7527072429656982,0.7890863418579102
5,0.8073112209637959,0.7459640651941299,0.8092718720436096,0.7795184254646301,0.810644268989563
6,0.5985472997029623,0.6097662821412086,0.8626651763916016,0.8124763369560242,0.8462421298027039
7,0.4515541176001231,0.5056513398885727,0.8978360295295715,0.8301461338996887,0.8524867296218872
8,0.3641751418511073,0.45587147772312164,0.9169509410858154,0.8599657416343689,0.8746191263198853
9,0.2702777008215586,0.42047007381916046,0.9343533515930176,0.8628032207489014,0.8793622255325317
10,0.23442883392175037,0.36679865419864655,0.9489791393280029,0.8856651782989502,0.8937590718269348
11,0.17700660824775696,0.34052039682865143,0.955884575843811,0.8823663592338562,0.8937590718269348
12,0.1699593683083852,0.35595327243208885,0.9659773707389832,0.8749328851699829,0.8837100267410278
13,0.1357538769642512,0.3411079868674278,0.9800252914428711,0.8931620121002197,0.9020923972129822
14,0.124164529889822,0.32440008223056793,0.9849021434783936,0.8941821455955505,0.8991485238075256
15,0.10072219471136729,0.35724347457289696,0.9857736229896545,0.8827977180480957,0.8932662010192871
16,0.08890588035186132,0.3607809655368328,0.9874891042709351,0.8976214528083801,0.90938401222229
17,0.06511474251747132,0.3776663616299629,0.9907418489456177,0.88619464635849,0.8973007202148438
18,0.04955134118596713,0.35159505903720856,0.9925994873046875,0.9012013673782349,0.8993840217590332
19,0.054378509521484375,0.3122085314244032,0.9894850254058838,0.9105355143547058,0.9141485691070557
20,0.07008390302459398,0.32922895438969135,0.9906966686248779,0.9081268906593323,0.9184963703155518
21,0.07035424758990606,0.46029261872172356,0.9911218881607056,0.8800904750823975,0.8904582262039185
22,0.06802034849921862,0.3935956172645092,0.9875386357307434,0.8570535182952881,0.8649600744247437
23,0.04559294165422519,0.3763447590172291,0.9948301315307617,0.8842040300369263,0.8835235238075256
24,0.040970625231663386,0.3420513793826103,0.9955803155899048,0.9046250581741333,0.9064401984214783
25,0.053633437616129716,0.3411950096487999,0.9959207773208618,0.8914814591407776,0.8928985595703125
26,0.0397146583845218,0.33218754455447197,0.9934604167938232,0.8875529766082764,0.8908151984214783
