image_id,host,disease,display_class,is_healthy,dice,iou,precision,recall,pixel_accuracy,gt_lesion_ratio,pred_lesion_ratio,false_positive_area_ratio
0_apple_black_rot_61,Apple,apple black rot,Apple — Black Rot,False,0.7753756493844275,0.6331538720385685,0.664354887522283,0.9309467434712834,0.9417762756347656,0.10794448852539062,0.1512603759765625,0.050769805908203125
0_apple_black_rot_google_0000,Apple,apple black rot,Apple — Black Rot,False,0.7523280970753697,0.6029855247305841,0.6841745081284051,0.8355620559978022,0.9698677062988281,0.05477142333984375,0.06689071655273438,0.02112579345703125
0_apple_black_rot_google_0012,Apple,apple black rot,Apple — Black Rot,False,0.9611654012424871,0.9252342985035487,0.9721487360377272,0.9504274732381981,0.9918441772460938,0.10619354248046875,0.10382080078125,0.00289154052734375
0_apple_black_rot_google_0016,Apple,apple black rot,Apple — Black Rot,False,0.5607927436713638,0.3896539162157402,0.5492451473806177,0.5728363324810107,0.9680442810058594,0.035614013671875,0.037143707275390625,0.016742706298828125
0_apple_black_rot_google_0022,Apple,apple black rot,Apple — Black Rot,False,0.9496375361667193,0.9041046009023082,0.9852588880234084,0.9165020404536734,0.9457511901855469,0.5580558776855469,0.5191116333007812,0.00765228271484375
0_apple_black_rot_google_0026,Apple,apple black rot,Apple — Black Rot,False,0.9366212344535108,0.8807973835854827,0.9860520259432803,0.8919097934083208,0.9854011535644531,0.12094497680664062,0.10939788818359375,0.00152587890625
0_apple_black_rot_google_0071,Apple,apple black rot,Apple — Black Rot,False,0.8081067878898545,0.6780026764809669,0.7388752164802864,0.8916534670892915,0.9265708923339844,0.17340087890625,0.20925521850585938,0.0546417236328125
0_apple_black_rot_google_0093,Apple,apple black rot,Apple — Black Rot,False,0.5424611060762309,0.3721760759443063,0.9567091948967393,0.3785512023032001,0.7900962829589844,0.328704833984375,0.13006210327148438,0.0056304931640625
0_apple_black_rot_google_0136,Apple,apple black rot,Apple — Black Rot,False,0.8215566372755547,0.6971541130125859,0.9873285960140075,0.703448071275595,0.8821144104003906,0.3857765197753906,0.2748565673828125,0.003482818603515625
5_banana_black_leaf_streak_Baidu_0008,Banana,banana black leaf streak,Banana — Black Sigatoka,False,0.6778652912346882,0.512705162901934,0.6371975190021962,0.7240780265065564,0.9471092224121094,0.07685470581054688,0.08733367919921875,0.03168487548828125
5_banana_black_leaf_streak_Baidu_0072,Banana,banana black leaf streak,Banana — Black Sigatoka,False,0.5932171632041107,0.4216835375676387,0.6016723679285125,0.5849963045161678,0.9834365844726562,0.0206451416015625,0.02007293701171875,0.00799560546875
5_banana_black_leaf_streak_Baidu_0073,Banana,banana black leaf streak,Banana — Black Sigatoka,False,0.7829180190940326,0.643274677775919,0.9567362360883928,0.6625475108354699,0.773956298828125,0.6152305603027344,0.4260520935058594,0.0184326171875
5_banana_black_leaf_streak_Bing_0003,Banana,banana black leaf streak,Banana — Black Sigatoka,False,0.9358905230277821,0.8795058622077554,0.9716806300915569,0.9026432824045932,0.97369384765625,0.2127227783203125,0.19760894775390625,0.005596160888671875
5_banana_black_leaf_streak_Bing_0044,Banana,banana black leaf streak,Banana — Black Sigatoka,False,0.6972037208516702,0.5351594351402876,0.9602879672670815,0.5472711709321798,0.7542610168457031,0.5169525146484375,0.2946128845214844,0.011699676513671875
5_banana_black_leaf_streak_Bing_0056,Banana,banana black leaf streak,Banana — Black Sigatoka,False,0.8800409158123179,0.7857795237677514,0.999815229018769,0.7858936481668447,0.7861595153808594,0.9980812072753906,0.7845306396484375,0.00014495849609375
5_banana_black_leaf_streak_Bing_0073,Banana,banana black leaf streak,Banana — Black Sigatoka,False,0.9334470350101831,0.8751998875360233,0.9723930572639599,0.8975005856596373,0.9729080200195312,0.21168899536132812,0.19538497924804688,0.00539398193359375
5_banana_black_leaf_streak_Bing_0165,Banana,banana black leaf streak,Banana — Black Sigatoka,False,0.673252254848305,0.5074455617571793,0.9349641374104417,0.5260126410225584,0.7707328796386719,0.44903564453125,0.2526283264160156,0.016429901123046875
5_banana_black_leaf_streak_Bing_0166,Banana,banana black leaf streak,Banana — Black Sigatoka,False,0.9777632388257969,0.9564939121370348,0.9995834685058136,0.956875299530353,0.956695556640625,0.9949684143066406,0.9524574279785156,0.000396728515625
5_banana_black_leaf_streak_banana black sigatoka (13),Banana,banana black leaf streak,Banana — Black Sigatoka,False,0.8795833537778684,0.7850502371094142,0.8138482093058853,0.956870520054969,0.9344673156738281,0.25012969970703125,0.2940864562988281,0.054744720458984375
5_banana_black_leaf_streak_banana black sigatoka (29),Banana,banana black leaf streak,Banana — Black Sigatoka,False,0.9241987248064323,0.8590794100334774,0.9574592591279814,0.8931714418052452,0.9662132263183594,0.2306060791015625,0.21512222290039062,0.009151458740234375
5_banana_black_leaf_streak_banana black sigatoka (55),Banana,banana black leaf streak,Banana — Black Sigatoka,False,0.7768682667314873,0.6351468493549645,0.9993931200240352,0.635391914916515,0.6355323791503906,0.9985580444335938,0.6348609924316406,0.000385284423828125
5_banana_black_leaf_streak_banana black sigatoka (6),Banana,banana black leaf streak,Banana — Black Sigatoka,False,0.9259527481235348,0.8621154669926511,0.9467393766225644,0.9060592923601793,0.9668464660644531,0.22878265380859375,0.21895217895507812,0.011661529541015625
5_banana_black_leaf_streak_banana black sigatoka (63),Banana,banana black leaf streak,Banana — Black Sigatoka,False,0.892328689602415,0.8055897821188538,0.9912270159836639,0.8113748666299828,0.9012908935546875,0.5041160583496094,0.4126472473144531,0.003620147705078125
5_banana_black_leaf_streak_banana black sigatoka (9),Banana,banana black leaf streak,Banana — Black Sigatoka,False,0.880942472617781,0.7872182180647955,0.9984343090537788,0.7881912190329312,0.7882766723632812,0.9937973022460938,0.7845306396484375,0.00122833251953125
14_bell_pepper_bacterial_spot_Bing_0000,Bell pepper,bell pepper bacterial spot,Bell Pepper — Bacterial Spot,False,0.6863486900269196,0.5224740270252329,0.5258994365001848,0.9876869848378174,0.9661598205566406,0.037487030029296875,0.070404052734375,0.03337860107421875
14_bell_pepper_bacterial_spot_Bing_0044,Bell pepper,bell pepper bacterial spot,Bell Pepper — Bacterial Spot,False,0.6494599745898232,0.48088909797152896,0.5068170550383388,0.9038461538482793,0.9831619262695312,0.0172576904296875,0.0307769775390625,0.015178680419921875
14_bell_pepper_bacterial_spot_Bing_0108,Bell pepper,bell pepper bacterial spot,Bell Pepper — Bacterial Spot,False,0.7259864801146256,0.5698420533105475,0.5759541032711736,0.981717687075089,0.9800529479980469,0.02691650390625,0.045879364013671875,0.0194549560546875
14_bell_pepper_bacterial_spot_Bing_0110,Bell pepper,bell pepper bacterial spot,Bell Pepper — Bacterial Spot,False,0.4149945828844421,0.26182534040978933,0.26557213378853195,0.9488703923910251,0.9485054016113281,0.01924896240234375,0.06877517700195312,0.050510406494140625
14_bell_pepper_bacterial_spot_Google_0000,Bell pepper,bell pepper bacterial spot,Bell Pepper — Bacterial Spot,False,0.7330877428006259,0.5786412899837238,0.5930320762917586,0.9597509645741867,0.9695968627929688,0.0435028076171875,0.070404052734375,0.028652191162109375
14_bell_pepper_bacterial_spot_Google_0008,Bell pepper,bell pepper bacterial spot,Bell Pepper — Bacterial Spot,False,0.7127473343604438,0.5536965301281324,0.5585765361307177,0.9844665885113648,0.9793434143066406,0.026031494140625,0.045879364013671875,0.020252227783203125
14_bell_pepper_bacterial_spot_Google_0061,Bell pepper,bell pepper bacterial spot,Bell Pepper — Bacterial Spot,False,0.6683281028869967,0.5018714477172872,0.6359271620139592,0.7042080010393296,0.9588775634765625,0.058834075927734375,0.06515121459960938,0.02371978759765625
38_citrus_canker_106,Citrus,citrus canker,Citrus — Citrus Canker,False,0.6791681867954822,0.5141973262676588,0.7299247176955783,0.6350115977672941,0.9832267761230469,0.027957916259765625,0.024322509765625,0.00656890869140625
38_citrus_canker_124,Citrus,citrus canker,Citrus — Citrus Canker,False,0.6966761771499507,0.5345380518153475,0.7419966709257849,0.656573268481001,0.9363288879394531,0.11136627197265625,0.09854507446289062,0.025424957275390625
38_citrus_canker_127,Citrus,citrus canker,Citrus — Citrus Canker,False,0.5867098865573811,0.4151376146980624,0.4890003859710923,0.7332175926080314,0.9931907653808594,0.006591796875,0.009883880615234375,0.0050506591796875
38_citrus_canker_139,Citrus,citrus canker,Citrus — Citrus Canker,False,0.8405947057883539,0.7250223109945922,0.9696220517193247,0.7418737633993393,0.9506340026855469,0.17544937133789062,0.13423919677734375,0.004077911376953125
38_citrus_canker_158,Citrus,citrus canker,Citrus — Citrus Canker,False,0.7701778385780399,0.626251390435795,0.8641912140935298,0.6946125374555279,0.97308349609375,0.06492996215820312,0.052188873291015625,0.00708770751953125
38_citrus_canker_176,Citrus,citrus canker,Citrus — Citrus Canker,False,0.21561111595428342,0.12083190939256537,0.5506117908887517,0.13405188756359177,0.931304931640625,0.07043075561523438,0.017147064208984375,0.0077056884765625
38_citrus_canker_183,Citrus,citrus canker,Citrus — Citrus Canker,False,0.6789556842988528,0.5139537532776287,0.8960381292831294,0.5465447277599992,0.9674453735351562,0.06298446655273438,0.038417816162109375,0.003993988037109375
38_citrus_canker_192,Citrus,citrus canker,Citrus — Citrus Canker,False,0.9069867864239658,0.8298040455129067,0.9575709683304506,0.8614787268956497,0.9876747131347656,0.06975555419921875,0.06275558471679688,0.00266265869140625
38_citrus_canker_2,Citrus,citrus canker,Citrus — Citrus Canker,False,0.565895184891908,0.39459820435264076,0.4167711598791789,0.8811930405984889,0.9688758850097656,0.023021697998046875,0.048675537109375,0.02838897705078125
38_citrus_canker_236,Citrus,citrus canker,Citrus — Citrus Canker,False,0.47199386167409846,0.3088952654331579,0.3135284695017689,0.9543439716332295,0.9816246032714844,0.00860595703125,0.026195526123046875,0.01798248291015625
38_citrus_canker_250,Citrus,citrus canker,Citrus — Citrus Canker,False,0.6898638426655648,0.5265588914617991,0.5537340619375571,0.9147442327002321,0.98748779296875,0.0152130126953125,0.0251312255859375,0.0112152099609375
38_citrus_canker_260,Citrus,citrus canker,Citrus — Citrus Canker,False,0.8325460485724361,0.713129667816609,0.9803006121817481,0.723497767308246,0.9368476867675781,0.21698760986328125,0.16014480590820312,0.003154754638671875
38_citrus_canker_271,Citrus,citrus canker,Citrus — Citrus Canker,False,0.6551992807931963,0.48720919868538004,0.49636759898750116,0.9635113696463333,0.9780540466308594,0.021640777587890625,0.0420074462890625,0.02115631103515625
38_citrus_canker_296,Citrus,citrus canker,Citrus — Citrus Canker,False,0.7881723667666282,0.6503997310772272,0.912653814602312,0.6935725195603417,0.90875244140625,0.24475860595703125,0.186004638671875,0.016246795654296875
38_citrus_canker_30,Citrus,citrus canker,Citrus — Citrus Canker,False,0.8258458168734495,0.7033538088452833,0.97407318558437,0.7167725816092054,0.9150733947753906,0.2809295654296875,0.20672225952148438,0.005359649658203125
38_citrus_canker_304,Citrus,citrus canker,Citrus — Citrus Canker,False,0.6852076191466216,0.5211527151557689,0.5790711858517946,0.8389825159386544,0.9534111022949219,0.060436248779296875,0.08756256103515625,0.03685760498046875
38_citrus_canker_305,Citrus,citrus canker,Citrus — Citrus Canker,False,0.6709811797974002,0.5048695846887671,0.8756431414437856,0.5438649381999164,0.9662551879882812,0.06326675415039062,0.039295196533203125,0.004886627197265625
38_citrus_canker_31,Citrus,citrus canker,Citrus — Citrus Canker,False,0.667740945365619,0.5012095380724716,0.5229567307700499,0.9233870967744259,0.8843765258789062,0.125823974609375,0.22216796875,0.10598373413085938
38_citrus_canker_311,Citrus,citrus canker,Citrus — Citrus Canker,False,0.7834084460026983,0.6439371072643747,0.9233523509741359,0.6803014929709225,0.95050048828125,0.13158798217773438,0.09695053100585938,0.0074310302734375
38_citrus_canker_318,Citrus,citrus canker,Citrus — Citrus Canker,False,0.8847344803035473,0.7932949281393477,0.7952312913026277,0.9969399559652314,0.9734458923339844,0.10222244262695312,0.12815093994140625,0.026241302490234375
38_citrus_canker_397,Citrus,citrus canker,Citrus — Citrus Canker,False,0.6573854263080618,0.489630783987715,0.7830713190204843,0.5664655710452363,0.9675178527832031,0.055011749267578125,0.039794921875,0.008632659912109375
38_citrus_canker_403,Citrus,citrus canker,Citrus — Citrus Canker,False,0.8686182306740019,0.7677498915257993,0.8963154527036997,0.8425814536344798,0.9612045288085938,0.1522064208984375,0.1430816650390625,0.014835357666015625
38_citrus_canker_43,Citrus,citrus canker,Citrus — Citrus Canker,False,0.7375302663450967,0.5841963943261664,0.7473012757630294,0.7280114722779348,0.9793243408203125,0.0399017333984375,0.03887176513671875,0.009822845458984375
38_citrus_canker_443,Citrus,citrus canker,Citrus — Citrus Canker,False,0.8287546766439637,0.7075841927548253,0.9101901854900787,0.7606946624815507,0.975555419921875,0.0777587890625,0.0649871826171875,0.00583648681640625
38_citrus_canker_61,Citrus,citrus canker,Citrus — Citrus Canker,False,0.6436077057802524,0.47449967721309955,0.4752215418572425,0.9968089349820757,0.9472122192382812,0.047817230224609375,0.10029983520507812,0.05263519287109375
38_citrus_canker_68,Citrus,citrus canker,Citrus — Citrus Canker,False,0.5831245422673433,0.41155666793943324,0.42216888988434353,0.9424370794923693,0.9587440490722656,0.03061676025390625,0.06834793090820312,0.039493560791015625
38_citrus_canker_7,Citrus,citrus canker,Citrus — Citrus Canker,False,0.6725924641214387,0.5066962827496786,0.810449320796129,0.5748165715587725,0.9711952209472656,0.051471710205078125,0.03650665283203125,0.00691986083984375
38_citrus_canker_87,Citrus,citrus canker,Citrus — Citrus Canker,False,0.5147030559385988,0.34653209111422023,0.45652915105842046,0.5898678414277592,0.9903678894042969,0.00865936279296875,0.011188507080078125,0.00608062744140625
38_citrus_canker_9,Citrus,citrus canker,Citrus — Citrus Canker,False,0.5770430817245379,0.4055239300046151,0.572474552059215,0.5816851146217765,0.9462203979492188,0.06306838989257812,0.06408309936523438,0.02739715576171875
38_citrus_canker_google_0037,Citrus,citrus canker,Citrus — Citrus Canker,False,0.8966419945463239,0.8126482883295315,0.876336389388455,0.917910923941048,0.9746971130371094,0.11956787109375,0.12524032592773438,0.0154876708984375
38_citrus_canker_google_0042,Citrus,citrus canker,Citrus — Citrus Canker,False,0.473413819678033,0.3101127376774772,0.3344979354810359,0.809665019222299,0.93743896484375,0.034732818603515625,0.08407211303710938,0.055950164794921875
38_citrus_canker_google_0052,Citrus,citrus canker,Citrus — Citrus Canker,False,0.7473156764531522,0.5965714285806498,0.6331877729346631,0.9116311561330203,0.9932670593261719,0.010921478271484375,0.01572418212890625,0.005767822265625
38_citrus_canker_google_0150,Citrus,citrus canker,Citrus — Citrus Canker,False,0.8417429931720214,0.7267324852862602,0.7840434248263334,0.9086096802527865,0.9450950622558594,0.16070175170898438,0.1862335205078125,0.040218353271484375
38_citrus_canker_google_0174,Citrus,citrus canker,Citrus — Citrus Canker,False,0.743313609468215,0.5914869573425394,0.7601815431179414,0.7271780028959353,0.9669036865234375,0.06589889526367188,0.06303787231445312,0.015117645263671875
38_citrus_canker_google_0197,Citrus,citrus canker,Citrus — Citrus Canker,False,0.3065551904750925,0.1810246125243543,0.18248011216261747,0.9577980159377224,0.5934333801269531,0.0938262939453125,0.4924736022949219,0.4026069641113281
38_citrus_canker_google_0294,Citrus,citrus canker,Citrus — Citrus Canker,False,0.7743613562491931,0.631802334400003,0.8474989833296563,0.7128441936084685,0.9907341003417969,0.022304534912109375,0.01876068115234375,0.00286102294921875
44_corn_gray_leaf_spot_google_0003,Corn,corn gray leaf spot,Corn — Gray Leaf Spot,False,0.8197982715437531,0.6946255472920343,0.8299960020562797,0.8098480880044026,0.878143310546875,0.3422660827636719,0.3339576721191406,0.056774139404296875
44_corn_gray_leaf_spot_google_0006,Corn,corn gray leaf spot,Corn — Gray Leaf Spot,False,0.7695689268724643,0.6254465964652766,0.7038486972626585,0.8488260814089434,0.8784255981445312,0.239166259765625,0.28842926025390625,0.085418701171875
44_corn_gray_leaf_spot_google_0021,Corn,corn gray leaf spot,Corn — Gray Leaf Spot,False,0.8951089506677834,0.810133226446967,0.8382442974228911,0.9602502177528361,0.9241065979003906,0.3372306823730469,0.38631439208984375,0.062488555908203125
44_corn_gray_leaf_spot_google_0049,Corn,corn gray leaf spot,Corn — Gray Leaf Spot,False,0.6983399064505333,0.5364994363086739,0.7844632186320943,0.6292561983532354,0.9874534606933594,0.02307891845703125,0.018512725830078125,0.00399017333984375
44_corn_gray_leaf_spot_google_0067,Corn,corn gray leaf spot,Corn — Gray Leaf Spot,False,0.7941437524096557,0.6585724907068274,0.736321468354027,0.8618213660247873,0.9124107360839844,0.19603729248046875,0.22945022583007812,0.0605010986328125
44_corn_gray_leaf_spot_google_0140,Corn,corn gray leaf spot,Corn — Gray Leaf Spot,False,0.9561261323763545,0.9159402893694149,0.9944590705932799,0.9206387122111116,0.9203910827636719,0.9422187805175781,0.8722763061523438,0.004833221435546875
44_corn_gray_leaf_spot_google_0152,Corn,corn gray leaf spot,Corn — Gray Leaf Spot,False,0.6443467689147973,0.47530353201003656,0.6427238805981259,0.6459778736182075,0.9129562377929688,0.12206268310546875,0.1226806640625,0.04383087158203125
44_corn_gray_leaf_spot_google_0187,Corn,corn gray leaf spot,Corn — Gray Leaf Spot,False,0.9923662822858623,0.9848482289150606,0.9935980095319823,0.9911376051134482,0.9897346496582031,0.6732025146484375,0.6715354919433594,0.004299163818359375
59_grape_downy_mildew_102,Grape,grape downy mildew,Grape — Downy Mildew,False,0.8424772036476159,0.727827742401961,0.7695208569516935,0.9307160645831192,0.9525527954101562,0.13632583618164062,0.16488265991210938,0.03800201416015625
59_grape_downy_mildew_148,Grape,grape downy mildew,Grape — Downy Mildew,False,0.8447415685493639,0.7312143720855047,0.8979635129404187,0.7974755086665882,0.9465789794921875,0.1822357177734375,0.16184234619140625,0.016513824462890625
59_grape_downy_mildew_150,Grape,grape downy mildew,Grape — Downy Mildew,False,0.7746998203650493,0.6322530864200369,0.9951420937575963,0.6342105263160726,0.8181915283203125,0.49285888671875,0.3141021728515625,0.00152587890625
59_grape_downy_mildew_161,Grape,grape downy mildew,Grape — Downy Mildew,False,0.6842762805658619,0.5200759631079754,0.7480489073914145,0.6305229689767511,0.9797554016113281,0.034793853759765625,0.029327392578125,0.007389068603515625
59_grape_downy_mildew_17,Grape,grape downy mildew,Grape — Downy Mildew,False,0.9247289114209929,0.8599960709844476,0.9413830797628419,0.9086537629946402,0.967376708984375,0.22053909301757812,0.21287155151367188,0.012477874755859375
59_grape_downy_mildew_171,Grape,grape downy mildew,Grape — Downy Mildew,False,0.9444729760266519,0.8947880580749146,0.9890289549541915,0.9037584525869793,0.9587554931640625,0.38812255859375,0.3546600341796875,0.0038909912109375
59_grape_downy_mildew_216,Grape,grape downy mildew,Grape — Downy Mildew,False,0.9341495661449286,0.8764358830031554,0.9726303125651329,0.898597811217727,0.9773902893066406,0.178466796875,0.16488265991210938,0.004512786865234375
59_grape_downy_mildew_221,Grape,grape downy mildew,Grape — Downy Mildew,False,0.8912758321991198,0.8038751729992324,0.8366128470209394,0.9535813584007584,0.9664840698242188,0.14406204223632812,0.16420364379882812,0.026828765869140625
59_grape_downy_mildew_231,Grape,grape downy mildew,Grape — Downy Mildew,False,0.8262835647688457,0.7039890896702898,0.987611804658786,0.7102610849309956,0.9668807983398438,0.11089706420898438,0.07975387573242188,0.000988006591796875
59_grape_downy_mildew_277,Grape,grape downy mildew,Grape — Downy Mildew,False,0.661511094467444,0.49422232170478103,0.6355785837664235,0.6896497872186403,0.9310417175292969,0.09770584106445312,0.10601806640625,0.03863525390625
59_grape_downy_mildew_36,Grape,grape downy mildew,Grape — Downy Mildew,False,0.9584707642031981,0.9202533460042153,0.9728579927486767,0.9445028688502561,0.9426994323730469,0.7000846862792969,0.6796798706054688,0.0184478759765625
59_grape_downy_mildew_72,Grape,grape downy mildew,Grape — Downy Mildew,False,0.9195238182855546,0.8510357135559946,0.9713730368527668,0.8729292576420101,0.9165763854980469,0.5459785461425781,0.4906463623046875,0.01404571533203125
59_grape_downy_mildew_74,Grape,grape downy mildew,Grape — Downy Mildew,False,0.509050571632239,0.3414271215020029,0.9844013490725513,0.3432843565423856,0.7079200744628906,0.4411048889160156,0.1538238525390625,0.002399444580078125
59_grape_downy_mildew_google_0016,Grape,grape downy mildew,Grape — Downy Mildew,False,0.5577539515910495,0.3867259350185971,0.4043269230864691,0.8988243676559022,0.9847373962402344,0.010707855224609375,0.0238037109375,0.014179229736328125
59_grape_downy_mildew_google_0019,Grape,grape downy mildew,Grape — Downy Mildew,False,0.353592248306923,0.21476590349145344,0.9487924747664283,0.217284488497722,0.7495880126953125,0.3152046203613281,0.07218551635742188,0.003696441650390625
59_grape_downy_mildew_google_0027,Grape,grape downy mildew,Grape — Downy Mildew,False,0.922243779715749,0.8557072205742603,0.8763371150734346,0.9732259370923223,0.9860877990722656,0.08477401733398438,0.094146728515625,0.0116424560546875
59_grape_downy_mildew_google_0046,Grape,grape downy mildew,Grape — Downy Mildew,False,0.492823810831445,0.32698487036474133,0.6133629419956237,0.411880376895679,0.8026504516601562,0.23279190063476562,0.15632247924804688,0.0604400634765625
59_grape_downy_mildew_google_0071,Grape,grape downy mildew,Grape — Downy Mildew,False,0.7460066583721525,0.5949048002156211,0.8313596162500698,0.6765477279668297,0.9423751831054688,0.12508392333984375,0.1017913818359375,0.0171661376953125
59_grape_downy_mildew_google_0115,Grape,grape downy mildew,Grape — Downy Mildew,False,0.8455447427648616,0.7324188074556202,0.8250665017014227,0.8670654011183629,0.9070625305175781,0.29338836669921875,0.3083229064941406,0.053936004638671875
59_grape_downy_mildew_google_0200,Grape,grape downy mildew,Grape — Downy Mildew,False,0.4921484037973499,0.3263904783720496,0.8816982687559652,0.34133886539710806,0.8989601135253906,0.14342880249023438,0.0555267333984375,0.00656890869140625
59_grape_downy_mildew_google_0219,Grape,grape downy mildew,Grape — Downy Mildew,False,0.8002949231097529,0.6670763827930919,0.6874524990058722,0.9574575331420059,0.963836669921875,0.07567977905273438,0.10540390014648438,0.0329437255859375
59_grape_downy_mildew_google_0232,Grape,grape downy mildew,Grape — Downy Mildew,False,0.9007280902585435,0.8193860702495133,0.9966223926240435,0.8216677955900097,0.9632797241210938,0.2027435302734375,0.16715240478515625,0.0005645751953125
59_grape_downy_mildew_google_0264,Grape,grape downy mildew,Grape — Downy Mildew,False,0.35247347269252,0.21394099994804244,0.8627437104141299,0.22147937540379747,0.65826416015625,0.4199485778808594,0.10780715942382812,0.014797210693359375
59_grape_downy_mildew_google_0379,Grape,grape downy mildew,Grape — Downy Mildew,False,0.9670668381837328,0.9362337021722705,0.9592018817422592,0.9750618380161254,0.9600563049316406,0.6014633178710938,0.6114082336425781,0.024944305419921875
76_potato_late_blight_37,Potato,potato late blight,Potato — Late Blight,False,0.7442418168481768,0.5926633223133261,0.8468618906046232,0.6638041118641814,0.9454841613769531,0.1194915771484375,0.09366226196289062,0.01434326171875
76_potato_late_blight_google_0022,Potato,potato late blight,Potato — Late Blight,False,0.7811261007813216,0.6408588298447226,0.9851963098047873,0.6470900675320618,0.8723831176757812,0.3519172668457031,0.23114395141601562,0.003421783447265625
76_potato_late_blight_google_0036,Potato,potato late blight,Potato — Late Blight,False,0.8074888935906935,0.677133226895647,0.956721530621132,0.6985298603080673,0.9791717529296875,0.06253433227539062,0.045658111572265625,0.00197601318359375
76_potato_late_blight_google_0038,Potato,potato late blight,Potato — Late Blight,False,0.7328201799140647,0.5783079625323602,0.8433297758821415,0.6479173499536903,0.9780197143554688,0.0465240478515625,0.03574371337890625,0.0055999755859375
76_potato_late_blight_google_0042,Potato,potato late blight,Potato — Late Blight,False,0.6833776134927033,0.5190384277960378,0.5928568565374881,0.8065219762252889,0.9477195739746094,0.06995391845703125,0.09516525268554688,0.038745880126953125
76_potato_late_blight_google_0130,Potato,potato late blight,Potato — Late Blight,False,0.9161652218256847,0.8452997082904954,0.9522749438155614,0.8826939706000262,0.9686431884765625,0.1941070556640625,0.17992401123046875,0.008586883544921875
76_potato_late_blight_google_0154,Potato,potato late blight,Potato — Late Blight,False,0.8228198828898694,0.6989753487428032,0.7984405807495994,0.8487348525267725,0.92681884765625,0.2002105712890625,0.21282196044921875,0.042896270751953125
76_potato_late_blight_google_0175,Potato,potato late blight,Potato — Late Blight,False,0.9373501985689591,0.8820875864341751,0.9630441816156252,0.9129916161135693,0.9726791381835938,0.2238616943359375,0.21222686767578125,0.007843017578125
76_potato_late_blight_google_0178,Potato,potato late blight,Potato — Late Blight,False,0.8525754884558454,0.7430340557310131,0.7465512577800033,0.9936993699371072,0.9927177429199219,0.021190643310546875,0.02820587158203125,0.00714874267578125
86_soybean_frog_eye_leaf_spot_Bing_0010,Soybean,soybean frog eye leaf spot,Soybean — Frogeye Leaf Spot,False,0.6849592466971031,0.5208654142294409,0.8729595457775567,0.5635856208614912,0.9050445556640625,0.18315887451171875,0.11824798583984375,0.01502227783203125
86_soybean_frog_eye_leaf_spot_Bing_0023,Soybean,soybean frog eye leaf spot,Soybean — Frogeye Leaf Spot,False,0.7953678663064362,0.6602578862547195,0.9219886660507134,0.6993262811337398,0.9549713134765625,0.12513351440429688,0.09491348266601562,0.007404327392578125
86_soybean_frog_eye_leaf_spot_Bing_0044,Soybean,soybean frog eye leaf spot,Soybean — Frogeye Leaf Spot,False,0.8513847316265868,0.741227071473969,0.870406132089614,0.8331769189206143,0.8829498291015625,0.4024085998535156,0.3851966857910156,0.04991912841796875
86_soybean_frog_eye_leaf_spot_Bing_0048,Soybean,soybean frog eye leaf spot,Soybean — Frogeye Leaf Spot,False,0.8564711279317389,0.7489720188549583,0.8681029138253409,0.8451469312310974,0.9140663146972656,0.3033714294433594,0.29534912109375,0.0389556884765625
86_soybean_frog_eye_leaf_spot_Bing_0057,Soybean,soybean frog eye leaf spot,Soybean — Frogeye Leaf Spot,False,0.8554939066680594,0.7474786824224149,0.8611163746249054,0.849944383742482,0.8887252807617188,0.3875312805175781,0.3825035095214844,0.05312347412109375
86_soybean_frog_eye_leaf_spot_Bing_0063,Soybean,soybean frog eye leaf spot,Soybean — Frogeye Leaf Spot,False,0.8838906443193065,0.7919391050891209,0.7983897787684099,0.9899007305199863,0.8387985229492188,0.6198387145996094,0.7685203552246094,0.15494155883789062
86_soybean_frog_eye_leaf_spot_Bing_0075,Soybean,soybean frog eye leaf spot,Soybean — Frogeye Leaf Spot,False,0.8884418057158388,0.7992760165724707,0.9002632654419911,0.8769267800439959,0.9092559814453125,0.4120521545410156,0.4013710021972656,0.04003143310546875
86_soybean_frog_eye_leaf_spot_Bing_0098,Soybean,soybean frog eye leaf spot,Soybean — Frogeye Leaf Spot,False,0.7630383267073877,0.6168649709869167,0.617833384870628,0.9974654702320791,0.8153762817382812,0.2980079650878906,0.4811210632324219,0.183868408203125
86_soybean_frog_eye_leaf_spot_Bing_0107,Soybean,soybean frog eye leaf spot,Soybean — Frogeye Leaf Spot,False,0.9802391311795607,0.961244112370599,0.987826603325424,0.9727673289543656,0.977996826171875,0.5610122680664062,0.552459716796875,0.006725311279296875
86_soybean_frog_eye_leaf_spot_Bing_0120,Soybean,soybean frog eye leaf spot,Soybean — Frogeye Leaf Spot,False,0.8273189228230581,0.7054935386310636,0.9501429354347308,0.7326145798835841,0.8978500366210938,0.3340110778808594,0.2575416564941406,0.01284027099609375
86_soybean_frog_eye_leaf_spot_Bing_0139,Soybean,soybean frog eye leaf spot,Soybean — Frogeye Leaf Spot,False,0.46147234869856096,0.2999441370513674,0.31295188664939433,0.878291011061387,0.7992210388183594,0.0979461669921875,0.2748832702636719,0.1888580322265625
86_soybean_frog_eye_leaf_spot_Bing_0144,Soybean,soybean frog eye leaf spot,Soybean — Frogeye Leaf Spot,False,0.8877790012228374,0.7982037762270568,0.9661560054553365,0.8211641045265241,0.9296302795410156,0.33896636962890625,0.2880973815917969,0.0097503662109375
86_soybean_frog_eye_leaf_spot_Bing_0184,Soybean,soybean frog eye leaf spot,Soybean — Frogeye Leaf Spot,False,0.8049369466060431,0.673551863494032,0.8743900859279883,0.7457052899049075,0.9251213073730469,0.20718002319335938,0.17668914794921875,0.02219390869140625
86_soybean_frog_eye_leaf_spot_Bing_0220,Soybean,soybean frog eye leaf spot,Soybean — Frogeye Leaf Spot,False,0.6763137475031976,0.5109320628116406,0.5363595894004185,0.915091810749419,0.8504180908203125,0.17076873779296875,0.291351318359375,0.13508224487304688
86_soybean_frog_eye_leaf_spot_Google_0031,Soybean,soybean frog eye leaf spot,Soybean — Frogeye Leaf Spot,False,0.9119357613282725,0.83812676578874,0.8510820804693163,0.9821618476232638,0.8918113708496094,0.5703392028808594,0.6581802368164062,0.09801483154296875
86_soybean_frog_eye_leaf_spot_Google_0064,Soybean,soybean frog eye leaf spot,Soybean — Frogeye Leaf Spot,False,0.9183697136819844,0.8490606497422606,0.9266202951310841,0.9102647611020726,0.9516677856445312,0.2986793518066406,0.2934074401855469,0.0215301513671875
86_soybean_frog_eye_leaf_spot_Google_0213,Soybean,soybean frog eye leaf spot,Soybean — Frogeye Leaf Spot,False,0.8350636189620143,0.7168319511304745,0.8005742907729164,0.8726583827547005,0.944122314453125,0.1620941162109375,0.17668914794921875,0.035236358642578125
86_soybean_frog_eye_leaf_spot_Google_0355,Soybean,soybean frog eye leaf spot,Soybean — Frogeye Leaf Spot,False,0.7050221486899332,0.5444279591168036,0.582971295197969,0.8917106684268995,0.8102455139160156,0.254302978515625,0.3889808654785156,0.1622161865234375
97_tomato_early_blight_121,Tomato,tomato early blight,Tomato — Early Blight,False,0.9518613110440576,0.9081444288563111,0.9343772422234969,0.9700121809084241,0.9572906494140625,0.4353065490722656,0.4519081115722656,0.02965545654296875
97_tomato_early_blight_242,Tomato,tomato early blight,Tomato — Early Blight,False,0.5853579351789115,0.41378518972296674,0.818553268767879,0.4555714646723189,0.9707679748535156,0.045291900634765625,0.02520751953125,0.004573822021484375
97_tomato_early_blight_28,Tomato,tomato early blight,Tomato — Early Blight,False,0.8747349784706897,0.777359076959802,0.8164347790615022,0.9420016947559458,0.9781379699707031,0.08103179931640625,0.09349441528320312,0.017162322998046875
97_tomato_early_blight_29,Tomato,tomato early blight,Tomato — Early Blight,False,0.6993551978489616,0.5376988372955439,0.6386511903783898,0.7728111544005247,0.9752769470214844,0.03720855712890625,0.045024871826171875,0.016269683837890625
97_tomato_early_blight_93,Tomato,tomato early blight,Tomato — Early Blight,False,0.9034580696597343,0.823915661282094,0.8455377440981107,0.9698971608917583,0.9408721923828125,0.2852516174316406,0.3272056579589844,0.050540924072265625
97_tomato_early_blight_google_0013,Tomato,tomato early blight,Tomato — Early Blight,False,0.8626253815965367,0.7584355828232437,0.7949761366501131,0.9428588452604251,0.98077392578125,0.06402206420898438,0.07593154907226562,0.015567779541015625
97_tomato_early_blight_google_0021,Tomato,tomato early blight,Tomato — Early Blight,False,0.8053979928944004,0.6741977563274871,0.8010787687163239,0.8097640460006588,0.952362060546875,0.12173843383789062,0.12305831909179688,0.024478912353515625
97_tomato_early_blight_google_0032,Tomato,tomato early blight,Tomato — Early Blight,False,0.3714440617430704,0.228081856458212,0.2299370224870887,0.9658346463223906,0.6992645263671875,0.09200286865234375,0.38645172119140625,0.2975921630859375
97_tomato_early_blight_google_0040,Tomato,tomato early blight,Tomato — Early Blight,False,0.9541219274116864,0.9122687934845387,0.9534450651773216,0.9547997513546328,0.9960556030273438,0.042957305908203125,0.043018341064453125,0.002002716064453125
97_tomato_early_blight_google_0044,Tomato,tomato early blight,Tomato — Early Blight,False,0.9041651275306514,0.8250924936285043,0.9048907162953457,0.9034407014639574,0.9594230651855469,0.21187210083007812,0.2115325927734375,0.02011871337890625
97_tomato_early_blight_google_0101,Tomato,tomato early blight,Tomato — Early Blight,False,0.7371719704016975,0.583746918126665,0.6336735757903006,0.8810793395088504,0.851226806640625,0.23679733276367188,0.3292503356933594,0.12061309814453125
97_tomato_early_blight_google_0117,Tomato,tomato early blight,Tomato — Early Blight,False,0.28036723164477073,0.16303901438230967,0.2453267418624235,0.32708547890160483,0.968902587890625,0.018520355224609375,0.024692535400390625,0.018634796142578125
97_tomato_early_blight_google_0120,Tomato,tomato early blight,Tomato — Early Blight,False,0.5397106034544283,0.369591537632259,0.39649986328003484,0.8448652585601621,0.9622611999511719,0.026187896728515625,0.0558013916015625,0.0336761474609375
97_tomato_early_blight_google_0145,Tomato,tomato early blight,Tomato — Early Blight,False,0.8331870693006184,0.7140708226481701,0.90939639469911,0.7687631082916909,0.9557685852050781,0.14368820190429688,0.12146759033203125,0.011005401611328125
97_tomato_early_blight_google_0183,Tomato,tomato early blight,Tomato — Early Blight,False,0.348094996498398,0.21072337438438377,0.22508982971652838,0.7675261027086349,0.8970680236816406,0.03580474853515625,0.12208938598632812,0.09460830688476562
97_tomato_early_blight_google_0353,Tomato,tomato early blight,Tomato — Early Blight,False,0.7144530860508096,0.5557580810929481,0.6229433371739813,0.8374777196626904,0.9126052856445312,0.13055038452148438,0.17551040649414062,0.0661773681640625
105_wheat_leaf_rust_Baidu_0009,Wheat,wheat leaf rust,Wheat — Leaf Rust,False,0.9832764316746566,0.967103018270982,0.9841998926666284,0.9823547019993031,0.9919090270996094,0.24213027954101562,0.24167633056640625,0.003818511962890625
105_wheat_leaf_rust_Bing_0051,Wheat,wheat leaf rust,Wheat — Leaf Rust,False,0.8468977716253803,0.7344515956919091,0.9401118367696673,0.7705009795693911,0.9392471313476562,0.21807861328125,0.17873382568359375,0.01070404052734375
105_wheat_leaf_rust_Google_0251,Wheat,wheat leaf rust,Wheat — Leaf Rust,False,0.894104403371932,0.8084889804228826,0.8938282848903193,0.894380692501535,0.8456954956054688,0.7283439636230469,0.7287940979003906,0.0773773193359375
105_wheat_leaf_rust_Google_0263,Wheat,wheat leaf rust,Wheat — Leaf Rust,False,0.8209713168799078,0.6963115729361524,0.95136119299473,0.7220147719239328,0.9269752502441406,0.23189926147460938,0.175994873046875,0.0085601806640625
105_wheat_leaf_rust_Google_0367,Wheat,wheat leaf rust,Wheat — Leaf Rust,False,0.792539920160112,0.6563694596561065,0.7173667570019672,0.8853121516170321,0.9619369506835938,0.082122802734375,0.101348876953125,0.028644561767578125
105_wheat_leaf_rust_Google_0387,Wheat,wheat leaf rust,Wheat — Leaf Rust,False,0.7229806598418537,0.5661469933212463,0.6259762189571099,0.8555630349085915,0.9739913940429688,0.039669036865234375,0.054218292236328125,0.0202789306640625
0_apple_black_rot_7,Apple,apple black rot,Apple — Black Rot,False,0.8838434022263323,0.7918632600392428,0.9661127403066567,0.8144858529455683,0.9910812377929688,0.041660308837890625,0.035121917724609375,0.001190185546875
5_banana_black_leaf_streak_Bing_0094,Banana,banana black leaf streak,Banana — Black Sigatoka,False,0.97663084663977,0.9543289862050437,0.96679054824226,0.9866735201818058,0.9667091369628906,0.7050323486328125,0.7195320129394531,0.023895263671875
5_banana_black_leaf_streak_banana black sigatoka (91),Banana,banana black leaf streak,Banana — Black Sigatoka,False,0.9908659620466037,0.9818972750697854,0.9863052184828822,0.9954690799396709,0.9883956909179688,0.6322860717773438,0.6381607055664062,0.008739471435546875
14_bell_pepper_bacterial_spot_Bing_0019,Bell pepper,bell pepper bacterial spot,Bell Pepper — Bacterial Spot,False,0.6756582759297121,0.5101842399518245,0.7022415523606408,0.6510142050762917,0.9615631103515625,0.061496734619140625,0.057010650634765625,0.01697540283203125
38_citrus_canker_103,Citrus,citrus canker,Citrus — Citrus Canker,False,0.35598878355780494,0.2165367121634741,0.22597050348828668,0.8383647798843796,0.9816017150878906,0.00606536865234375,0.022502899169921875,0.01741790771484375
38_citrus_canker_107,Citrus,citrus canker,Citrus — Citrus Canker,False,0.7587335351396599,0.6112575797547373,0.8135087719314604,0.7108692319507062,0.9775009155273438,0.04976654052734375,0.043487548828125,0.00811004638671875
38_citrus_canker_11,Citrus,citrus canker,Citrus — Citrus Canker,False,0.6628418685019303,0.4957094100463398,0.49580610553254756,0.9996067250024618,0.9605445861816406,0.038799285888671875,0.07822418212890625,0.039440155029296875
38_citrus_canker_125,Citrus,citrus canker,Citrus — Citrus Canker,False,0.9151163183308317,0.8435156079803195,0.9769663326365188,0.8606312714344575,0.9808197021484375,0.1201324462890625,0.10582733154296875,0.002437591552734375
38_citrus_canker_130,Citrus,citrus canker,Citrus — Citrus Canker,False,0.25232238649989425,0.14437581883157635,0.15074650199659678,0.7735659847618619,0.9128036499023438,0.01902008056640625,0.09760284423828125,0.08288955688476562
38_citrus_canker_147,Citrus,citrus canker,Citrus — Citrus Canker,False,0.8978687648005045,0.8146659273643163,0.8661753868834873,0.9319695528072103,0.9846992492675781,0.07216644287109375,0.07764816284179688,0.0103912353515625
38_citrus_canker_149,Citrus,citrus canker,Citrus — Citrus Canker,False,0.8983055457340384,0.8153853750064758,0.8782174005532897,0.9193341869399705,0.9572105407714844,0.20557022094726562,0.2151947021484375,0.02620697021484375
38_citrus_canker_26,Citrus,citrus canker,Citrus — Citrus Canker,False,0.6588160551819509,0.49121975977164195,0.5663571818695234,0.7873528933250862,0.9426383972167969,0.07033920288085938,0.09778594970703125,0.0424041748046875
38_citrus_canker_321,Citrus,citrus canker,Citrus — Citrus Canker,False,0.8860104734425863,0.7953490156959386,0.8677412602057034,0.9050655021838206,0.9796562194824219,0.0873565673828125,0.09111404418945312,0.012050628662109375
38_citrus_canker_352,Citrus,citrus canker,Citrus — Citrus Canker,False,0.7977865292325059,0.6635980619345616,0.9658143242581377,0.6795599180246369,0.9390830993652344,0.17683029174804688,0.124420166015625,0.004253387451171875
38_citrus_canker_4,Citrus,citrus canker,Citrus — Citrus Canker,False,0.45540360398193586,0.2948366350953774,0.9935339100652705,0.2954034693453759,0.6929893493652344,0.434539794921875,0.12919998168945312,0.000835418701171875
38_citrus_canker_google_0093,Citrus,citrus canker,Citrus — Citrus Canker,False,0.8312678361176011,0.7112560617454025,0.7660364866861629,0.9086427293752077,0.9677467346191406,0.08743667602539062,0.1037139892578125,0.024265289306640625
44_corn_gray_leaf_spot_31,Corn,corn gray leaf spot,Corn — Gray Leaf Spot,False,0.3408544571373185,0.20543975699113604,0.25243719765426803,0.5245968565037529,0.8483314514160156,0.0747528076171875,0.15534591674804688,0.11613082885742188
44_corn_gray_leaf_spot_google_0066,Corn,corn gray leaf spot,Corn — Gray Leaf Spot,False,0.6840664354818883,0.5198335644959786,0.5544378698246822,0.8928060981428235,0.9603805541992188,0.04804229736328125,0.077362060546875,0.0344696044921875
44_corn_gray_leaf_spot_google_0089,Corn,corn gray leaf spot,Corn — Gray Leaf Spot,False,0.5443084673318591,0.37391745099636114,0.9426525666447617,0.3826212151025856,0.7267074584960938,0.42658233642578125,0.17314910888671875,0.009929656982421875
59_grape_downy_mildew_190,Grape,grape downy mildew,Grape — Downy Mildew,False,0.7410182672450464,0.5885854003809523,0.6470380194530608,0.8669383499982612,0.9512176513671875,0.08050155639648438,0.10786056518554688,0.0380706787109375
59_grape_downy_mildew_202,Grape,grape downy mildew,Grape — Downy Mildew,False,0.9493674849699795,0.903615175990368,0.9529032764988561,0.9458578358733628,0.9753265380859375,0.24455642700195312,0.24274826049804688,0.011432647705078125
59_grape_downy_mildew_203,Grape,grape downy mildew,Grape — Downy Mildew,False,0.5549990777924393,0.3840821616538684,0.4955032553910382,0.630732021929601,0.8803520202636719,0.11829376220703125,0.15057754516601562,0.07596588134765625
59_grape_downy_mildew_29,Grape,grape downy mildew,Grape — Downy Mildew,False,0.45872506115158934,0.2976270161733232,0.6406097504307278,0.3572835666156593,0.7518234252929688,0.294342041015625,0.16416168212890625,0.05899810791015625
59_grape_downy_mildew_google_0001,Grape,grape downy mildew,Grape — Downy Mildew,False,0.8978031289398024,0.8145578639472941,0.8987876029300336,0.8968208092489809,0.9811363220214844,0.0923919677734375,0.09218978881835938,0.00933074951171875
59_grape_downy_mildew_google_0033,Grape,grape downy mildew,Grape — Downy Mildew,False,0.3010357351060349,0.17718779690078543,0.1798842567828749,0.9219994507024993,0.9405326843261719,0.013889312744140625,0.07118988037109375,0.058383941650390625
59_grape_downy_mildew_google_0133,Grape,grape downy mildew,Grape — Downy Mildew,False,0.8033654068405702,0.6713539884549815,0.9475619255336539,0.6972590648038045,0.8864173889160156,0.3327674865722656,0.24486541748046875,0.01284027099609375
59_grape_downy_mildew_google_0206,Grape,grape downy mildew,Grape — Downy Mildew,False,0.7500046724607513,0.6000059807724166,0.680579346370299,0.8352030303664428,0.89794921875,0.18328475952148438,0.22492599487304688,0.07184600830078125
76_potato_late_blight_google_0053,Potato,potato late blight,Potato — Late Blight,False,0.8523388440347243,0.7426746471335417,0.7807936135253308,0.9383182844247273,0.9780235290527344,0.067596435546875,0.08123397827148438,0.0178070068359375
76_potato_late_blight_google_0082,Potato,potato late blight,Potato — Late Blight,False,0.8415130653650047,0.7263897763613241,0.7392378722884739,0.9766323024058998,0.9918327331542969,0.0222015380859375,0.029331207275390625,0.007648468017578125
76_potato_late_blight_google_0100,Potato,potato late blight,Potato — Late Blight,False,0.6238350459166906,0.453314149635576,0.5197087765228389,0.7801400273242816,0.9579658508300781,0.044677734375,0.06706619262695312,0.0322113037109375
86_soybean_frog_eye_leaf_spot_Baidu_0012,Soybean,soybean frog eye leaf spot,Soybean — Frogeye Leaf Spot,False,0.7579171339976926,0.6101985259948075,0.6988001277435121,0.8279608641600246,0.8880233764648438,0.21171188354492188,0.2508430480957031,0.07555389404296875
86_soybean_frog_eye_leaf_spot_Bing_0047,Soybean,soybean frog eye leaf spot,Soybean — Frogeye Leaf Spot,False,0.9002685384595817,0.8186257917898576,0.9168532023974351,0.8842732036842379,0.9570732116699219,0.21910476684570312,0.2113189697265625,0.01757049560546875
86_soybean_frog_eye_leaf_spot_Bing_0126,Soybean,soybean frog eye leaf spot,Soybean — Frogeye Leaf Spot,False,0.35182982296777054,0.21346692706456027,0.4523209787742684,0.28787358296525895,0.9293289184570312,0.06662750244140625,0.0424041748046875,0.023223876953125
86_soybean_frog_eye_leaf_spot_Google_0362,Soybean,soybean frog eye leaf spot,Soybean — Frogeye Leaf Spot,False,0.7323685230651684,0.5777456117106912,0.9204859193816863,0.6080938995347852,0.84197998046875,0.35555267333984375,0.23488616943359375,0.0186767578125
97_tomato_early_blight_155,Tomato,tomato early blight,Tomato — Early Blight,False,0.47226461469345327,0.30912723449146345,0.5183918180232114,0.43367557679992425,0.8746833801269531,0.12929534912109375,0.10816574096679688,0.052093505859375
97_tomato_early_blight_173,Tomato,tomato early blight,Tomato — Early Blight,False,0.8312318137734079,0.7112033195031641,0.737665792872422,0.9519818227722697,0.970794677734375,0.07555007934570312,0.09749984741210938,0.025577545166015625
97_tomato_early_blight_191,Tomato,tomato early blight,Tomato — Early Blight,False,0.8019778481020492,0.6694182130379092,0.7914584634619655,0.8127806286095832,0.9809036254882812,0.047576904296875,0.048858642578125,0.010189056396484375
97_tomato_early_blight_4,Tomato,tomato early blight,Tomato — Early Blight,False,0.8928417730601267,0.8064265353728612,0.8256393929755618,0.9719532762822665,0.9857521057128906,0.061069488525390625,0.07189178466796875,0.01253509521484375
97_tomato_early_blight_google_0247,Tomato,tomato early blight,Tomato — Early Blight,False,0.8168944508483174,0.6904662491309939,0.7752289277126755,0.8632930776463882,0.95758056640625,0.10960769653320312,0.12205886840820312,0.027435302734375
97_tomato_early_blight_google_0267,Tomato,tomato early blight,Tomato — Early Blight,False,0.9493833427898148,0.9036439088172826,0.9498939316981388,0.9488733024923179,0.9870681762695312,0.12781143188476562,0.12767410278320312,0.006397247314453125
97_tomato_early_blight_google_0319,Tomato,tomato early blight,Tomato — Early Blight,False,0.733819439226236,0.5795535502305917,0.8677333333356847,0.6357124251154505,0.9864921569824219,0.02928924560546875,0.021457672119140625,0.002838134765625
105_wheat_leaf_rust_Baidu_0317,Wheat,wheat leaf rust,Wheat — Leaf Rust,False,0.8799736731887154,0.785672311555677,0.9690001647176116,0.8059292544598023,0.969390869140625,0.13922500610351562,0.11579513549804688,0.003589630126953125
105_wheat_leaf_rust_Bing_0020,Wheat,wheat leaf rust,Wheat — Leaf Rust,False,0.6583935198120003,0.49075010409926423,0.9999696978879429,0.4907574022582414,0.8693695068359375,0.2565116882324219,0.12588882446289062,3.814697265625e-06
105_wheat_leaf_rust_Google_0058,Wheat,wheat leaf rust,Wheat — Leaf Rust,False,0.9328294058041633,0.8741146081776687,0.9940330586971046,0.8787253677868748,0.9466438293457031,0.42162322998046875,0.3727149963378906,0.002223968505859375
105_wheat_leaf_rust_Google_0103,Wheat,wheat leaf rust,Wheat — Leaf Rust,False,0.8277850036911957,0.7061716547715394,0.9041066437326779,0.7633459109713783,0.9065589904785156,0.2941932678222656,0.24839019775390625,0.0238189697265625
105_wheat_leaf_rust_Google_0358,Wheat,wheat leaf rust,Wheat — Leaf Rust,False,0.872618136405881,0.7740217973918635,0.9109106583403542,0.8374151895311747,0.951751708984375,0.19734573364257812,0.18142318725585938,0.016162872314453125
60_grape_leaf_spot_google_0041,Grape,grape leaf spot,Grape — Healthy,True,0.0,0.0,0.0,1.0,0.46981048583984375,0.0,0.5301895141601562,0.5301895141601562
