display_class,host,disease,is_healthy,n_samples,mean_dice,median_dice,mean_iou,median_iou,mean_precision,mean_recall,mean_gt_lesion_area,mean_pred_lesion_area
Banana — Black Sigatoka,Banana,banana black leaf streak,False,17,0.847,0.8809,0.7522,0.7872,0.9232,0.7977,0.5082,0.4193
Wheat — Leaf Rust,Wheat,wheat leaf rust,False,11,0.8393,0.8469,0.7327,0.7345,0.8992,0.8078,0.2592,0.2295
Potato — Late Blight,Potato,potato late blight,False,12,0.7996,0.8152,0.675,0.6881,0.8104,0.8164,0.1187,0.1093
Apple — Black Rot,Apple,apple black rot,False,10,0.7992,0.8148,0.6875,0.6876,0.849,0.7886,0.1913,0.1637
Soybean — Frogeye Leaf Spot,Soybean,soybean frog eye leaf spot,False,22,0.7877,0.8312,0.6702,0.7112,0.7949,0.8176,0.2991,0.3193
Corn — Gray Leaf Spot,Corn,corn gray leaf spot,False,11,0.7399,0.7696,0.6182,0.6254,0.7521,0.7698,0.3113,0.3026
Grape — Downy Mildew,Grape,grape downy mildew,False,32,0.7376,0.8018,0.6209,0.6692,0.8135,0.7416,0.2356,0.1931
Tomato — Early Blight,Tomato,tomato early blight,False,23,0.7332,0.8054,0.6142,0.6742,0.7059,0.8144,0.1125,0.1395
Citrus — Citrus Canker,Citrus,citrus canker,False,48,0.6903,0.6933,0.5515,0.5305,0.7,0.7703,0.0893,0.0926
Bell Pepper — Bacterial Spot,Bell pepper,bell pepper bacterial spot,False,8,0.6583,0.681,0.4974,0.5163,0.5455,0.8902,0.0363,0.0568
Grape — Healthy,Grape,grape leaf spot,True,1,0.0,0.0,0.0,0.0,0.0,1.0,0.0,0.5302
