epoch,train_loss,train_dice,train_iou,val_loss,val_dice,val_iou,epoch_duration_sec
1,0.5714926901070968,0.5386684153390967,0.40857376935689343,0.5191979777812957,0.6478431916236878,0.5117929553985596,78.55546593666077
2,0.5221424229767011,0.6316989548828291,0.49669223375942395,0.5020962297916413,0.6596282947063447,0.5274310147762299,51.28798174858093
3,0.5006965590559918,0.6555726266425589,0.5220990116181581,0.4936868858337402,0.6653212344646454,0.5339972567558289,51.80559277534485
4,0.48054734053819076,0.683054708916208,0.5520825572635817,0.46269919276237487,0.6760314106941223,0.5453895282745361,52.5807523727417
5,0.4746872285138006,0.6767040918054787,0.5473331096703592,0.4677948749065399,0.6842753434181214,0.5554311680793762,52.036041021347046
6,0.45113538192666097,0.7036011457443238,0.5782669088114862,0.4490468680858612,0.6965783381462097,0.5678978025913238,51.34325861930847
7,0.43954076093176137,0.7094631451627482,0.5856119479822076,0.4550373661518097,0.6867806100845337,0.5568368315696717,51.98045039176941
8,0.42556864619255064,0.7231560974017434,0.6000227785628774,0.4638100016117096,0.6744836974143982,0.5431643486022949,52.00055146217346
9,0.4180198933767236,0.7197681152626224,0.5979775084911482,0.42252439618110654,0.6971050131320954,0.5681481671333313,51.93724727630615
10,0.40174459607704827,0.7317383509615193,0.6126090649677359,0.40733097434043886,0.6993261098861694,0.5715919065475464,52.63373780250549
11,0.3920925205168517,0.736596811854321,0.6170030158499012,0.41285544395446777,0.6921373724937439,0.5634764134883881,51.82359433174133
12,0.3823270161514697,0.7407364510971567,0.6213156155917956,0.40800504326820375,0.6931743121147156,0.5641818737983704,51.89369082450867
13,0.363163764839587,0.7593604647594949,0.6436602278896,0.3722997438907623,0.7016993021965027,0.5776417195796967,51.37704682350159
14,0.3544747762058092,0.7599668974461763,0.6441795844098795,0.3730133605003357,0.7112732088565826,0.5866662287712097,52.03176236152649
15,0.3405219965654871,0.7739861840787141,0.6599795152311739,0.37534764528274533,0.7091672205924988,0.5819978654384613,51.856926679611206
16,0.32850015902000923,0.7784820401150248,0.6660652741141941,0.36611237943172453,0.7102600717544556,0.5825537645816803,52.098381757736206
17,0.326242382241332,0.7755125089831975,0.6622859082792116,0.3488685655593872,0.7055266284942627,0.5776184976100922,53.52154755592346
18,0.32235173090644503,0.7626124695591304,0.6490354861902154,0.3577303075790405,0.707696967124939,0.5851325082778931,51.71192812919617
19,0.2992016219574472,0.7872932169748389,0.6765038010866745,0.35276993572711945,0.7043139815330506,0.5811233830451965,51.62167739868164
20,0.2944627589505652,0.7854770582655202,0.6741638828878818,0.3692977827787399,0.7007048344612121,0.5746319210529327,51.85755372047424
21,0.2808921684389529,0.795715448130732,0.6867140764775483,0.3353144639730454,0.7163306021690369,0.5923307514190674,52.68153929710388
22,0.27455491436564405,0.7947353049464848,0.6861495953539144,0.34352366387844085,0.7045121335983277,0.579810824394226,51.85311245918274
23,0.2654050005518872,0.7999397749486177,0.6918233534564142,0.32749900460243225,0.7222590923309327,0.5981087112426757,51.81614804267883
24,0.26007028999535936,0.8001057067643041,0.6937146321586941,0.3180799341201782,0.7117450451850891,0.5878914034366608,51.991934061050415
25,0.2479236788075903,0.8112054783365,0.7054473882136137,0.3138656049966812,0.7152870082855225,0.5928342616558075,51.447731733322144
26,0.23708485999832982,0.8183070501555567,0.7152392605076665,0.3113067108392715,0.714237585067749,0.5927091538906097,51.96314477920532
27,0.24163705706596375,0.8014293364856554,0.6939725650393445,0.2977098393440247,0.7254472851753235,0.603027036190033,51.69306206703186
28,0.23625643007133318,0.810852224930473,0.7072061792663906,0.3054308021068573,0.7216679239273072,0.6001037621498108,51.38368487358093
29,0.22747067342633787,0.8112316478853641,0.7080538975155872,0.29068308770656587,0.7317364954948425,0.6107516694068909,51.91940951347351
30,0.22058314855979835,0.8144595384597778,0.710689219702845,0.3190122228860855,0.7057667112350464,0.5814040529727936,51.52767753601074
31,0.2192361471445664,0.8089450617199359,0.7058040993369143,0.3218484383821487,0.7087634873390197,0.5850863945484162,51.82818031311035
32,0.20539649064126222,0.8244272797004036,0.723127636961315,0.2952837294340134,0.7110346674919128,0.5880965125560761,51.89234519004822
33,0.19624204117318858,0.8290808180104131,0.729601792667223,0.29164870142936705,0.7208321142196655,0.5995497691631317,52.16698169708252
34,0.18895615864059198,0.8322329453800036,0.7337964757629063,0.2885744142532349,0.7253991842269898,0.6038602137565613,52.019861936569214
35,0.18720257515492647,0.8344344056170919,0.7360158329424651,0.2928605717420578,0.7180843091011048,0.5962054991722107,52.269758462905884
36,0.1852298527956009,0.835686819449715,0.738449111710424,0.3084755319356918,0.7018771398067475,0.5827994704246521,52.6046941280365
