display_class,mae,rmse,bias,support
Apple — Black Rot,0.14905960336327553,0.1983660094823237,-0.07989086583256721,10
Banana — Black Sigatoka,0.1897555670755751,0.2596435454319956,-0.13649955983547604,17
Bell Pepper — Bacterial Spot,0.03823022427968681,0.0477845331887039,0.004718506475910544,8
Citrus — Citrus Canker,0.059724096819991246,0.08159387205832112,-0.012276210443815216,48
Corn — Gray Leaf Spot,0.1340572005984458,0.17984932461062186,0.004356147044084289,11
Grape — Downy Mildew,0.1370465841901023,0.17085058651328816,-0.06613887936691754,32
Grape — Healthy,0.26982876658439636,0.26982876658439636,0.26982876658439636,1
Potato — Late Blight,0.057165209048738085,0.07136861731726116,-0.015349685059239468,12
Soybean — Frogeye Leaf Spot,0.14927182786843993,0.18039718949391848,-0.11204088919542053,22
Tomato — Early Blight,0.04690612625816594,0.05509399518566073,0.004554350415001745,23
Wheat — Leaf Rust,0.11002421751618385,0.13521624734285714,-0.03203465484760024,11
