image_id,true_burden,raw_predicted_burden,clipped_predicted_burden,raw_absolute_error,raw_signed_error,clipped_absolute_error,clipped_signed_error,host,disease,display_class,benchmark_split
0_apple_black_rot_61,0.10803373157978058,0.34973832964897156,0.34973832964897156,0.24170459806919098,0.24170459806919098,0.24170459806919098,0.24170459806919098,Apple,apple black rot,Apple — Black Rot,test
0_apple_black_rot_google_0000,0.05476851761341095,0.15821018815040588,0.15821018815040588,0.10344167053699493,0.10344167053699493,0.10344167053699493,0.10344167053699493,Apple,apple black rot,Apple — Black Rot,test
0_apple_black_rot_google_0012,0.10607054084539413,0.03590637817978859,0.03590637817978859,0.07016416266560555,-0.07016416266560555,0.07016416266560555,-0.07016416266560555,Apple,apple black rot,Apple — Black Rot,test
0_apple_black_rot_google_0016,0.03558124601840973,0.01765529438853264,0.01765529438853264,0.01792595162987709,-0.01792595162987709,0.01792595162987709,-0.01792595162987709,Apple,apple black rot,Apple — Black Rot,test
0_apple_black_rot_google_0022,0.5580628514289856,0.22286130487918854,0.22286130487918854,0.33520154654979706,-0.33520154654979706,0.33520154654979706,-0.33520154654979706,Apple,apple black rot,Apple — Black Rot,test
0_apple_black_rot_google_0026,0.12097137421369553,0.05037746950984001,0.05037746950984001,0.07059390470385551,-0.07059390470385551,0.07059390470385551,-0.07059390470385551,Apple,apple black rot,Apple — Black Rot,test
0_apple_black_rot_google_0071,0.17335833609104156,0.17405575513839722,0.17405575513839722,0.0006974190473556519,0.0006974190473556519,0.0006974190473556519,0.0006974190473556519,Apple,apple black rot,Apple — Black Rot,test
0_apple_black_rot_google_0093,0.32850977778434753,0.0843338891863823,0.0843338891863823,0.24417588859796524,-0.24417588859796524,0.24417588859796524,-0.24417588859796524,Apple,apple black rot,Apple — Black Rot,test
0_apple_black_rot_google_0136,0.3858155608177185,0.01004559826105833,0.01004559826105833,0.3757699625566602,-0.3757699625566602,0.3757699625566602,-0.3757699625566602,Apple,apple black rot,Apple — Black Rot,test
5_banana_black_leaf_streak_Baidu_0008,0.07678162306547165,0.2483368217945099,0.2483368217945099,0.17155519872903824,0.17155519872903824,0.17155519872903824,0.17155519872903824,Banana,banana black leaf streak,Banana — Black Sigatoka,test
5_banana_black_leaf_streak_Baidu_0072,0.02056124433875084,0.08160211890935898,0.08160211890935898,0.06104087457060814,0.06104087457060814,0.06104087457060814,0.06104087457060814,Banana,banana black leaf streak,Banana — Black Sigatoka,test
5_banana_black_leaf_streak_Baidu_0073,0.6148805022239685,0.3588030934333801,0.3588030934333801,0.2560774087905884,-0.2560774087905884,0.2560774087905884,-0.2560774087905884,Banana,banana black leaf streak,Banana — Black Sigatoka,test
5_banana_black_leaf_streak_Bing_0003,0.21268844604492188,0.13755623996257782,0.13755623996257782,0.07513220608234406,-0.07513220608234406,0.07513220608234406,-0.07513220608234406,Banana,banana black leaf streak,Banana — Black Sigatoka,test
5_banana_black_leaf_streak_Bing_0044,0.5169386863708496,0.32301217317581177,0.32301217317581177,0.19392651319503784,-0.19392651319503784,0.19392651319503784,-0.19392651319503784,Banana,banana black leaf streak,Banana — Black Sigatoka,test
5_banana_black_leaf_streak_Bing_0056,0.998242199420929,0.439792275428772,0.439792275428772,0.558449923992157,-0.558449923992157,0.558449923992157,-0.558449923992157,Banana,banana black leaf streak,Banana — Black Sigatoka,test
5_banana_black_leaf_streak_Bing_0073,0.2118026614189148,0.15364030003547668,0.15364030003547668,0.05816236138343811,-0.05816236138343811,0.05816236138343811,-0.05816236138343811,Banana,banana black leaf streak,Banana — Black Sigatoka,test
5_banana_black_leaf_streak_Bing_0165,0.4491159915924072,0.21219287812709808,0.21219287812709808,0.23692311346530914,-0.23692311346530914,0.23692311346530914,-0.23692311346530914,Banana,banana black leaf streak,Banana — Black Sigatoka,test
5_banana_black_leaf_streak_Bing_0166,0.9945329427719116,0.8927461504936218,0.8927461504936218,0.1017867922782898,-0.1017867922782898,0.1017867922782898,-0.1017867922782898,Banana,banana black leaf streak,Banana — Black Sigatoka,test
5_banana_black_leaf_streak_banana black sigatoka (13),0.25010091066360474,0.204201802611351,0.204201802611351,0.04589910805225372,-0.04589910805225372,0.04589910805225372,-0.04589910805225372,Banana,banana black leaf streak,Banana — Black Sigatoka,test
5_banana_black_leaf_streak_banana black sigatoka (29),0.2306392639875412,0.2862901985645294,0.2862901985645294,0.05565093457698822,0.05565093457698822,0.05565093457698822,0.05565093457698822,Banana,banana black leaf streak,Banana — Black Sigatoka,test
5_banana_black_leaf_streak_banana black sigatoka (55),0.9987772107124329,0.4662843644618988,0.4662843644618988,0.5324928462505341,-0.5324928462505341,0.5324928462505341,-0.5324928462505341,Banana,banana black leaf streak,Banana — Black Sigatoka,test
5_banana_black_leaf_streak_banana black sigatoka (6),0.22877655923366547,0.29112812876701355,0.29112812876701355,0.062351569533348083,0.062351569533348083,0.062351569533348083,0.062351569533348083,Banana,banana black leaf streak,Banana — Black Sigatoka,test
5_banana_black_leaf_streak_banana black sigatoka (63),0.5037546753883362,0.41908273100852966,0.41908273100852966,0.08467194437980652,-0.08467194437980652,0.08467194437980652,-0.08467194437980652,Banana,banana black leaf streak,Banana — Black Sigatoka,test
5_banana_black_leaf_streak_banana black sigatoka (9),0.9932230114936829,0.439792275428772,0.439792275428772,0.5534307360649109,-0.5534307360649109,0.5534307360649109,-0.5534307360649109,Banana,banana black leaf streak,Banana — Black Sigatoka,test
14_bell_pepper_bacterial_spot_Bing_0000,0.03751778602600098,-0.03727627545595169,0.0,0.07479406148195267,-0.07479406148195267,0.03751778602600098,-0.03751778602600098,Bell pepper,bell pepper bacterial spot,Bell Pepper — Bacterial Spot,test
14_bell_pepper_bacterial_spot_Bing_0044,0.01726161129772663,0.03406490013003349,0.03406490013003349,0.016803288832306862,0.016803288832306862,0.016803288832306862,0.016803288832306862,Bell pepper,bell pepper bacterial spot,Bell Pepper — Bacterial Spot,test
14_bell_pepper_bacterial_spot_Bing_0108,0.02697036974132061,-0.009432774968445301,0.0,0.03640314470976591,-0.03640314470976591,0.02697036974132061,-0.02697036974132061,Bell pepper,bell pepper bacterial spot,Bell Pepper — Bacterial Spot,test
14_bell_pepper_bacterial_spot_Bing_0110,0.01929498463869095,0.1302165687084198,0.1302165687084198,0.11092158406972885,0.11092158406972885,0.11092158406972885,0.11092158406972885,Bell pepper,bell pepper bacterial spot,Bell Pepper — Bacterial Spot,test
14_bell_pepper_bacterial_spot_Google_0000,0.04356241971254349,-0.03727627545595169,0.0,0.08083869516849518,-0.08083869516849518,0.04356241971254349,-0.04356241971254349,Bell pepper,bell pepper bacterial spot,Bell Pepper — Bacterial Spot,test
14_bell_pepper_bacterial_spot_Google_0008,0.025996295735239983,-0.009432774968445301,0.0,0.035429070703685284,-0.035429070703685284,0.025996295735239983,-0.025996295735239983,Bell pepper,bell pepper bacterial spot,Bell Pepper — Bacterial Spot,test
14_bell_pepper_bacterial_spot_Google_0061,0.05890682712197304,0.08011028915643692,0.08011028915643692,0.021203462034463882,0.021203462034463882,0.021203462034463882,0.021203462034463882,Bell pepper,bell pepper bacterial spot,Bell Pepper — Bacterial Spot,test
38_citrus_canker_106,0.028004201129078865,0.058342572301626205,0.058342572301626205,0.03033837117254734,0.03033837117254734,0.03033837117254734,0.03033837117254734,Citrus,citrus canker,Citrus — Citrus Canker,test
38_citrus_canker_124,0.1114371120929718,0.08651668578386307,0.08651668578386307,0.024920426309108734,-0.024920426309108734,0.024920426309108734,-0.024920426309108734,Citrus,citrus canker,Citrus — Citrus Canker,test
38_citrus_canker_127,0.006615226157009602,0.025500889867544174,0.025500889867544174,0.018885663710534573,0.018885663710534573,0.018885663710534573,0.018885663710534573,Citrus,citrus canker,Citrus — Citrus Canker,test
38_citrus_canker_139,0.17536219954490662,0.12418626993894577,0.12418626993894577,0.051175929605960846,-0.051175929605960846,0.051175929605960846,-0.051175929605960846,Citrus,citrus canker,Citrus — Citrus Canker,test
38_citrus_canker_158,0.06491079926490784,0.008785656653344631,0.008785656653344631,0.056125142611563206,-0.056125142611563206,0.056125142611563206,-0.056125142611563206,Citrus,citrus canker,Citrus — Citrus Canker,test
38_citrus_canker_176,0.07049479335546494,0.015305538661777973,0.015305538661777973,0.05518925469368696,-0.05518925469368696,0.05518925469368696,-0.05518925469368696,Citrus,citrus canker,Citrus — Citrus Canker,test
38_citrus_canker_183,0.06289756298065186,0.05773763731122017,0.05773763731122017,0.005159925669431686,-0.005159925669431686,0.005159925669431686,-0.005159925669431686,Citrus,citrus canker,Citrus — Citrus Canker,test
38_citrus_canker_192,0.0697818174958229,0.08109893649816513,0.08109893649816513,0.011317119002342224,0.011317119002342224,0.011317119002342224,0.011317119002342224,Citrus,citrus canker,Citrus — Citrus Canker,test
38_citrus_canker_2,0.023073306307196617,-0.02258475497364998,0.0,0.045658061280846596,-0.045658061280846596,0.023073306307196617,-0.023073306307196617,Citrus,citrus canker,Citrus — Citrus Canker,test
38_citrus_canker_236,0.00856709759682417,0.04118819534778595,0.04118819534778595,0.03262109775096178,0.03262109775096178,0.03262109775096178,0.03262109775096178,Citrus,citrus canker,Citrus — Citrus Canker,test
38_citrus_canker_250,0.015107999555766582,0.08078966289758682,0.08078966289758682,0.06568166334182024,0.06568166334182024,0.06568166334182024,0.06568166334182024,Citrus,citrus canker,Citrus — Citrus Canker,test
38_citrus_canker_260,0.21668614447116852,-0.01706913858652115,0.0,0.23375528305768967,-0.23375528305768967,0.21668614447116852,-0.21668614447116852,Citrus,citrus canker,Citrus — Citrus Canker,test
38_citrus_canker_271,0.02166811376810074,0.05625123903155327,0.05625123903155327,0.03458312526345253,0.03458312526345253,0.03458312526345253,0.03458312526345253,Citrus,citrus canker,Citrus — Citrus Canker,test
38_citrus_canker_296,0.24489736557006836,0.08389538526535034,0.08389538526535034,0.16100198030471802,-0.16100198030471802,0.16100198030471802,-0.16100198030471802,Citrus,citrus canker,Citrus — Citrus Canker,test
38_citrus_canker_30,0.28089016675949097,0.019870880991220474,0.019870880991220474,0.2610192857682705,-0.2610192857682705,0.2610192857682705,-0.2610192857682705,Citrus,citrus canker,Citrus — Citrus Canker,test
38_citrus_canker_304,0.06053204461932182,0.017370305955410004,0.017370305955410004,0.04316173866391182,-0.04316173866391182,0.04316173866391182,-0.04316173866391182,Citrus,citrus canker,Citrus — Citrus Canker,test
38_citrus_canker_305,0.06334440410137177,0.06462500244379044,0.06462500244379044,0.0012805983424186707,0.0012805983424186707,0.0012805983424186707,0.0012805983424186707,Citrus,citrus canker,Citrus — Citrus Canker,test
38_citrus_canker_31,0.12581422924995422,0.15016716718673706,0.15016716718673706,0.024352937936782837,0.024352937936782837,0.024352937936782837,0.024352937936782837,Citrus,citrus canker,Citrus — Citrus Canker,test
38_citrus_canker_311,0.1315365731716156,0.0975019782781601,0.0975019782781601,0.034034594893455505,-0.034034594893455505,0.034034594893455505,-0.034034594893455505,Citrus,citrus canker,Citrus — Citrus Canker,test
38_citrus_canker_318,0.10211150348186493,-0.03596964851021767,0.0,0.1380811519920826,-0.1380811519920826,0.10211150348186493,-0.10211150348186493,Citrus,citrus canker,Citrus — Citrus Canker,test
38_citrus_canker_397,0.05510184168815613,0.16926121711730957,0.16926121711730957,0.11415937542915344,0.11415937542915344,0.11415937542915344,0.11415937542915344,Citrus,citrus canker,Citrus — Citrus Canker,test
38_citrus_canker_403,0.15227147936820984,0.146631121635437,0.146631121635437,0.005640357732772827,-0.005640357732772827,0.005640357732772827,-0.005640357732772827,Citrus,citrus canker,Citrus — Citrus Canker,test
38_citrus_canker_43,0.0399051159620285,0.0704774335026741,0.0704774335026741,0.0305723175406456,0.0305723175406456,0.0305723175406456,0.0305723175406456,Citrus,citrus canker,Citrus — Citrus Canker,test
38_citrus_canker_443,0.07770609855651855,0.12975585460662842,0.12975585460662842,0.05204975605010986,0.05204975605010986,0.05204975605010986,0.05204975605010986,Citrus,citrus canker,Citrus — Citrus Canker,test
38_citrus_canker_61,0.04786931723356247,0.09846062958240509,0.09846062958240509,0.05059131234884262,0.05059131234884262,0.05059131234884262,0.05059131234884262,Citrus,citrus canker,Citrus — Citrus Canker,test
38_citrus_canker_68,0.03064391389489174,0.09298728406429291,0.09298728406429291,0.06234337016940117,0.06234337016940117,0.06234337016940117,0.06234337016940117,Citrus,citrus canker,Citrus — Citrus Canker,test
38_citrus_canker_7,0.05153870955109596,0.025614578276872635,0.025614578276872635,0.025924131274223328,-0.025924131274223328,0.025924131274223328,-0.025924131274223328,Citrus,citrus canker,Citrus — Citrus Canker,test
38_citrus_canker_87,0.00862288661301136,0.048458125442266464,0.048458125442266464,0.039835238829255104,0.039835238829255104,0.039835238829255104,0.039835238829255104,Citrus,citrus canker,Citrus — Citrus Canker,test
38_citrus_canker_9,0.06299768388271332,0.08513012528419495,0.08513012528419495,0.02213244140148163,0.02213244140148163,0.02213244140148163,0.02213244140148163,Citrus,citrus canker,Citrus — Citrus Canker,test
38_citrus_canker_google_0037,0.11961588263511658,0.13836126029491425,0.13836126029491425,0.01874537765979767,0.01874537765979767,0.01874537765979767,0.01874537765979767,Citrus,citrus canker,Citrus — Citrus Canker,test
38_citrus_canker_google_0042,0.034770965576171875,0.09415269643068314,0.09415269643068314,0.05938173085451126,0.05938173085451126,0.05938173085451126,0.05938173085451126,Citrus,citrus canker,Citrus — Citrus Canker,test
38_citrus_canker_google_0052,0.010865885764360428,0.019829433411359787,0.019829433411359787,0.008963547646999359,0.008963547646999359,0.008963547646999359,0.008963547646999359,Citrus,citrus canker,Citrus — Citrus Canker,test
38_citrus_canker_google_0150,0.16088154911994934,0.10276327282190323,0.10276327282190323,0.05811827629804611,-0.05811827629804611,0.05811827629804611,-0.05811827629804611,Citrus,citrus canker,Citrus — Citrus Canker,test
38_citrus_canker_google_0174,0.06583333015441895,0.04329441860318184,0.04329441860318184,0.022538911551237106,-0.022538911551237106,0.022538911551237106,-0.022538911551237106,Citrus,citrus canker,Citrus — Citrus Canker,test
38_citrus_canker_google_0197,0.09388043731451035,0.11707746237516403,0.11707746237516403,0.023197025060653687,0.023197025060653687,0.023197025060653687,0.023197025060653687,Citrus,citrus canker,Citrus — Citrus Canker,test
38_citrus_canker_google_0294,0.0222890954464674,0.19365143775939941,0.19365143775939941,0.17136234231293201,0.17136234231293201,0.17136234231293201,0.17136234231293201,Citrus,citrus canker,Citrus — Citrus Canker,test
44_corn_gray_leaf_spot_google_0003,0.3424045145511627,0.39549925923347473,0.39549925923347473,0.05309474468231201,0.05309474468231201,0.05309474468231201,0.05309474468231201,Corn,corn gray leaf spot,Corn — Gray Leaf Spot,test
44_corn_gray_leaf_spot_google_0006,0.23878547549247742,0.3341759145259857,0.3341759145259857,0.0953904390335083,0.0953904390335083,0.0953904390335083,0.0953904390335083,Corn,corn gray leaf spot,Corn — Gray Leaf Spot,test
44_corn_gray_leaf_spot_google_0021,0.3374936282634735,0.4880084693431854,0.4880084693431854,0.15051484107971191,0.15051484107971191,0.15051484107971191,0.15051484107971191,Corn,corn gray leaf spot,Corn — Gray Leaf Spot,test
44_corn_gray_leaf_spot_google_0049,0.023079922422766685,0.05911679193377495,0.05911679193377495,0.03603686951100826,0.03603686951100826,0.03603686951100826,0.03603686951100826,Corn,corn gray leaf spot,Corn — Gray Leaf Spot,test
44_corn_gray_leaf_spot_google_0067,0.19609245657920837,0.18773308396339417,0.18773308396339417,0.008359372615814209,-0.008359372615814209,0.008359372615814209,-0.008359372615814209,Corn,corn gray leaf spot,Corn — Gray Leaf Spot,test
44_corn_gray_leaf_spot_google_0140,0.9424412250518799,0.503784716129303,0.503784716129303,0.4386565089225769,-0.4386565089225769,0.4386565089225769,-0.4386565089225769,Corn,corn gray leaf spot,Corn — Gray Leaf Spot,test
44_corn_gray_leaf_spot_google_0152,0.12212685495615005,0.322130411863327,0.322130411863327,0.20000355690717697,0.20000355690717697,0.20000355690717697,0.20000355690717697,Corn,corn gray leaf spot,Corn — Gray Leaf Spot,test
44_corn_gray_leaf_spot_google_0187,0.6733087301254272,0.623581051826477,0.623581051826477,0.049727678298950195,-0.049727678298950195,0.049727678298950195,-0.049727678298950195,Corn,corn gray leaf spot,Corn — Gray Leaf Spot,test
59_grape_downy_mildew_102,0.13643406331539154,0.08948400616645813,0.08948400616645813,0.04695005714893341,-0.04695005714893341,0.04695005714893341,-0.04695005714893341,Grape,grape downy mildew,Grape — Downy Mildew,test
59_grape_downy_mildew_148,0.18235500156879425,0.14409317076206207,0.14409317076206207,0.03826183080673218,-0.03826183080673218,0.03826183080673218,-0.03826183080673218,Grape,grape downy mildew,Grape — Downy Mildew,test
59_grape_downy_mildew_150,0.49289950728416443,0.2214927077293396,0.2214927077293396,0.27140679955482483,-0.27140679955482483,0.27140679955482483,-0.27140679955482483,Grape,grape downy mildew,Grape — Downy Mildew,test
59_grape_downy_mildew_161,0.03471086546778679,0.14792823791503906,0.14792823791503906,0.11321737244725227,0.11321737244725227,0.11321737244725227,0.11321737244725227,Grape,grape downy mildew,Grape — Downy Mildew,test
59_grape_downy_mildew_17,0.22042341530323029,0.2529962956905365,0.2529962956905365,0.03257288038730621,0.03257288038730621,0.03257288038730621,0.03257288038730621,Grape,grape downy mildew,Grape — Downy Mildew,test
59_grape_downy_mildew_171,0.38806667923927307,0.28015920519828796,0.28015920519828796,0.10790747404098511,-0.10790747404098511,0.10790747404098511,-0.10790747404098511,Grape,grape downy mildew,Grape — Downy Mildew,test
59_grape_downy_mildew_216,0.17845189571380615,0.08948400616645813,0.08948400616645813,0.08896788954734802,-0.08896788954734802,0.08896788954734802,-0.08896788954734802,Grape,grape downy mildew,Grape — Downy Mildew,test
59_grape_downy_mildew_221,0.14404812455177307,0.05456088110804558,0.05456088110804558,0.0894872434437275,-0.0894872434437275,0.0894872434437275,-0.0894872434437275,Grape,grape downy mildew,Grape — Downy Mildew,test
59_grape_downy_mildew_231,0.11085109412670135,0.06311067938804626,0.06311067938804626,0.04774041473865509,-0.04774041473865509,0.04774041473865509,-0.04774041473865509,Grape,grape downy mildew,Grape — Downy Mildew,test
59_grape_downy_mildew_277,0.09760256856679916,0.1967046558856964,0.1967046558856964,0.09910208731889725,0.09910208731889725,0.09910208731889725,0.09910208731889725,Grape,grape downy mildew,Grape — Downy Mildew,test
59_grape_downy_mildew_36,0.7004539966583252,0.388290137052536,0.388290137052536,0.3121638596057892,-0.3121638596057892,0.3121638596057892,-0.3121638596057892,Grape,grape downy mildew,Grape — Downy Mildew,test
59_grape_downy_mildew_72,0.5457545518875122,0.2206106185913086,0.2206106185913086,0.3251439332962036,-0.3251439332962036,0.3251439332962036,-0.3251439332962036,Grape,grape downy mildew,Grape — Downy Mildew,test
59_grape_downy_mildew_74,0.44096627831459045,0.18269750475883484,0.18269750475883484,0.2582687735557556,-0.2582687735557556,0.2582687735557556,-0.2582687735557556,Grape,grape downy mildew,Grape — Downy Mildew,test
59_grape_downy_mildew_google_0016,0.010762804187834263,0.05783398076891899,0.05783398076891899,0.04707117658108473,0.04707117658108473,0.04707117658108473,0.04707117658108473,Grape,grape downy mildew,Grape — Downy Mildew,test
59_grape_downy_mildew_google_0019,0.3152364492416382,0.1364697515964508,0.1364697515964508,0.17876669764518738,-0.17876669764518738,0.17876669764518738,-0.17876669764518738,Grape,grape downy mildew,Grape — Downy Mildew,test
59_grape_downy_mildew_google_0027,0.08488095551729202,0.09813741594552994,0.09813741594552994,0.013256460428237915,0.013256460428237915,0.013256460428237915,0.013256460428237915,Grape,grape downy mildew,Grape — Downy Mildew,test
59_grape_downy_mildew_google_0046,0.23302024602890015,0.2132830172777176,0.2132830172777176,0.019737228751182556,-0.019737228751182556,0.019737228751182556,-0.019737228751182556,Grape,grape downy mildew,Grape — Downy Mildew,test
59_grape_downy_mildew_google_0071,0.12506510317325592,0.03236798569560051,0.03236798569560051,0.09269711747765541,-0.09269711747765541,0.09269711747765541,-0.09269711747765541,Grape,grape downy mildew,Grape — Downy Mildew,test
59_grape_downy_mildew_google_0115,0.29352131485939026,0.17261123657226562,0.17261123657226562,0.12091007828712463,-0.12091007828712463,0.12091007828712463,-0.12091007828712463,Grape,grape downy mildew,Grape — Downy Mildew,test
59_grape_downy_mildew_google_0200,0.14338117837905884,0.040477994829416275,0.040477994829416275,0.10290318354964256,-0.10290318354964256,0.10290318354964256,-0.10290318354964256,Grape,grape downy mildew,Grape — Downy Mildew,test
59_grape_downy_mildew_google_0219,0.075660340487957,0.10710129886865616,0.10710129886865616,0.03144095838069916,0.03144095838069916,0.03144095838069916,0.03144095838069916,Grape,grape downy mildew,Grape — Downy Mildew,test
59_grape_downy_mildew_google_0232,0.20268486440181732,0.27458086609840393,0.27458086609840393,0.07189600169658661,0.07189600169658661,0.07189600169658661,0.07189600169658661,Grape,grape downy mildew,Grape — Downy Mildew,test
59_grape_downy_mildew_google_0264,0.4202370345592499,0.18645331263542175,0.18645331263542175,0.23378372192382812,-0.23378372192382812,0.23378372192382812,-0.23378372192382812,Grape,grape downy mildew,Grape — Downy Mildew,test
59_grape_downy_mildew_google_0379,0.600778341293335,0.21209266781806946,0.21209266781806946,0.3886856734752655,-0.3886856734752655,0.3886856734752655,-0.3886856734752655,Grape,grape downy mildew,Grape — Downy Mildew,test
76_potato_late_blight_37,0.1192716583609581,0.06697607785463333,0.06697607785463333,0.05229558050632477,-0.05229558050632477,0.05229558050632477,-0.05229558050632477,Potato,potato late blight,Potato — Late Blight,test
76_potato_late_blight_google_0022,0.3519929349422455,0.2494763433933258,0.2494763433933258,0.10251659154891968,-0.10251659154891968,0.10251659154891968,-0.10251659154891968,Potato,potato late blight,Potato — Late Blight,test
76_potato_late_blight_google_0036,0.06245926022529602,0.040315110236406326,0.040315110236406326,0.022144149988889694,-0.022144149988889694,0.022144149988889694,-0.022144149988889694,Potato,potato late blight,Potato — Late Blight,test
76_potato_late_blight_google_0038,0.04648682102560997,0.026128865778446198,0.026128865778446198,0.020357955247163773,-0.020357955247163773,0.020357955247163773,-0.020357955247163773,Potato,potato late blight,Potato — Late Blight,test
76_potato_late_blight_google_0042,0.06995445489883423,0.06640731543302536,0.06640731543302536,0.0035471394658088684,-0.0035471394658088684,0.0035471394658088684,-0.0035471394658088684,Potato,potato late blight,Potato — Late Blight,test
76_potato_late_blight_google_0130,0.19388747215270996,0.18041199445724487,0.18041199445724487,0.013475477695465088,-0.013475477695465088,0.013475477695465088,-0.013475477695465088,Potato,potato late blight,Potato — Late Blight,test
76_potato_late_blight_google_0154,0.20008163154125214,0.10429972410202026,0.10429972410202026,0.09578190743923187,-0.09578190743923187,0.09578190743923187,-0.09578190743923187,Potato,potato late blight,Potato — Late Blight,test
76_potato_late_blight_google_0175,0.22387859225273132,0.16653850674629211,0.16653850674629211,0.05734008550643921,-0.05734008550643921,0.05734008550643921,-0.05734008550643921,Potato,potato late blight,Potato — Late Blight,test
76_potato_late_blight_google_0178,0.02119000069797039,0.11720233410596848,0.11720233410596848,0.09601233340799809,0.09601233340799809,0.09601233340799809,0.09601233340799809,Potato,potato late blight,Potato — Late Blight,test
86_soybean_frog_eye_leaf_spot_Bing_0010,0.18329200148582458,0.07941047847270966,0.07941047847270966,0.10388152301311493,-0.10388152301311493,0.10388152301311493,-0.10388152301311493,Soybean,soybean frog eye leaf spot,Soybean — Frogeye Leaf Spot,test
86_soybean_frog_eye_leaf_spot_Bing_0023,0.12518756091594696,0.1560399830341339,0.1560399830341339,0.03085242211818695,0.03085242211818695,0.03085242211818695,0.03085242211818695,Soybean,soybean frog eye leaf spot,Soybean — Frogeye Leaf Spot,test
86_soybean_frog_eye_leaf_spot_Bing_0044,0.4024467468261719,0.2269381731748581,0.2269381731748581,0.17550857365131378,-0.17550857365131378,0.17550857365131378,-0.17550857365131378,Soybean,soybean frog eye leaf spot,Soybean — Frogeye Leaf Spot,test
86_soybean_frog_eye_leaf_spot_Bing_0048,0.30324646830558777,0.025467243045568466,0.025467243045568466,0.2777792252600193,-0.2777792252600193,0.2777792252600193,-0.2777792252600193,Soybean,soybean frog eye leaf spot,Soybean — Frogeye Leaf Spot,test
86_soybean_frog_eye_leaf_spot_Bing_0057,0.3874836266040802,0.20195382833480835,0.20195382833480835,0.18552979826927185,-0.18552979826927185,0.18552979826927185,-0.18552979826927185,Soybean,soybean frog eye leaf spot,Soybean — Frogeye Leaf Spot,test
86_soybean_frog_eye_leaf_spot_Bing_0063,0.6197075247764587,0.29842105507850647,0.29842105507850647,0.32128646969795227,-0.32128646969795227,0.32128646969795227,-0.32128646969795227,Soybean,soybean frog eye leaf spot,Soybean — Frogeye Leaf Spot,test
86_soybean_frog_eye_leaf_spot_Bing_0075,0.4120968282222748,0.3451226055622101,0.3451226055622101,0.0669742226600647,-0.0669742226600647,0.0669742226600647,-0.0669742226600647,Soybean,soybean frog eye leaf spot,Soybean — Frogeye Leaf Spot,test
86_soybean_frog_eye_leaf_spot_Bing_0098,0.29801762104034424,0.4755399525165558,0.4755399525165558,0.17752233147621155,0.17752233147621155,0.17752233147621155,0.17752233147621155,Soybean,soybean frog eye leaf spot,Soybean — Frogeye Leaf Spot,test
86_soybean_frog_eye_leaf_spot_Bing_0107,0.5609359741210938,0.18476875126361847,0.18476875126361847,0.3761672228574753,-0.3761672228574753,0.3761672228574753,-0.3761672228574753,Soybean,soybean frog eye leaf spot,Soybean — Frogeye Leaf Spot,test
86_soybean_frog_eye_leaf_spot_Bing_0120,0.33405470848083496,0.2042437195777893,0.2042437195777893,0.12981098890304565,-0.12981098890304565,0.12981098890304565,-0.12981098890304565,Soybean,soybean frog eye leaf spot,Soybean — Frogeye Leaf Spot,test
86_soybean_frog_eye_leaf_spot_Bing_0139,0.0980224609375,0.1956147998571396,0.1956147998571396,0.09759233891963959,0.09759233891963959,0.09759233891963959,0.09759233891963959,Soybean,soybean frog eye leaf spot,Soybean — Frogeye Leaf Spot,test
86_soybean_frog_eye_leaf_spot_Bing_0144,0.3391653299331665,0.21617203950881958,0.21617203950881958,0.12299329042434692,-0.12299329042434692,0.12299329042434692,-0.12299329042434692,Soybean,soybean frog eye leaf spot,Soybean — Frogeye Leaf Spot,test
86_soybean_frog_eye_leaf_spot_Bing_0184,0.20724232494831085,0.05809476599097252,0.05809476599097252,0.14914755895733833,-0.14914755895733833,0.14914755895733833,-0.14914755895733833,Soybean,soybean frog eye leaf spot,Soybean — Frogeye Leaf Spot,test
86_soybean_frog_eye_leaf_spot_Bing_0220,0.17098741233348846,-0.01438333559781313,0.0,0.1853707479313016,-0.1853707479313016,0.17098741233348846,-0.17098741233348846,Soybean,soybean frog eye leaf spot,Soybean — Frogeye Leaf Spot,test
86_soybean_frog_eye_leaf_spot_Google_0031,0.5704748034477234,0.34123334288597107,0.34123334288597107,0.22924146056175232,-0.22924146056175232,0.22924146056175232,-0.22924146056175232,Soybean,soybean frog eye leaf spot,Soybean — Frogeye Leaf Spot,test
86_soybean_frog_eye_leaf_spot_Google_0064,0.29859402775764465,0.2264452576637268,0.2264452576637268,0.07214877009391785,-0.07214877009391785,0.07214877009391785,-0.07214877009391785,Soybean,soybean frog eye leaf spot,Soybean — Frogeye Leaf Spot,test
86_soybean_frog_eye_leaf_spot_Google_0213,0.16220855712890625,0.05809476599097252,0.05809476599097252,0.10411379113793373,-0.10411379113793373,0.10411379113793373,-0.10411379113793373,Soybean,soybean frog eye leaf spot,Soybean — Frogeye Leaf Spot,test
86_soybean_frog_eye_leaf_spot_Google_0355,0.2542141079902649,0.23034042119979858,0.23034042119979858,0.02387368679046631,-0.02387368679046631,0.02387368679046631,-0.02387368679046631,Soybean,soybean frog eye leaf spot,Soybean — Frogeye Leaf Spot,test
97_tomato_early_blight_121,0.43536221981048584,0.4010012745857239,0.4010012745857239,0.03436094522476196,-0.03436094522476196,0.03436094522476196,-0.03436094522476196,Tomato,tomato early blight,Tomato — Early Blight,test
97_tomato_early_blight_242,0.04529489949345589,0.10338438302278519,0.10338438302278519,0.0580894835293293,0.0580894835293293,0.0580894835293293,0.0580894835293293,Tomato,tomato early blight,Tomato — Early Blight,test
97_tomato_early_blight_28,0.08097980171442032,0.12338844686746597,0.12338844686746597,0.042408645153045654,0.042408645153045654,0.042408645153045654,0.042408645153045654,Tomato,tomato early blight,Tomato — Early Blight,test
97_tomato_early_blight_29,0.037234801799058914,0.0736866146326065,0.0736866146326065,0.03645181283354759,0.03645181283354759,0.03645181283354759,0.03645181283354759,Tomato,tomato early blight,Tomato — Early Blight,test
97_tomato_early_blight_93,0.2851954996585846,0.21078313887119293,0.21078313887119293,0.07441236078739166,-0.07441236078739166,0.07441236078739166,-0.07441236078739166,Tomato,tomato early blight,Tomato — Early Blight,test
97_tomato_early_blight_google_0013,0.0640077218413353,0.13110540807247162,0.13110540807247162,0.06709768623113632,0.06709768623113632,0.06709768623113632,0.06709768623113632,Tomato,tomato early blight,Tomato — Early Blight,test
97_tomato_early_blight_google_0021,0.12197232991456985,0.16131646931171417,0.16131646931171417,0.03934413939714432,0.03934413939714432,0.03934413939714432,0.03934413939714432,Tomato,tomato early blight,Tomato — Early Blight,test
97_tomato_early_blight_google_0032,0.09209073334932327,0.09081856906414032,0.09081856906414032,0.0012721642851829529,-0.0012721642851829529,0.0012721642851829529,-0.0012721642851829529,Tomato,tomato early blight,Tomato — Early Blight,test
97_tomato_early_blight_google_0040,0.04296319559216499,0.035422369837760925,0.035422369837760925,0.007540825754404068,-0.007540825754404068,0.007540825754404068,-0.007540825754404068,Tomato,tomato early blight,Tomato — Early Blight,test
97_tomato_early_blight_google_0044,0.2116333395242691,0.1542036384344101,0.1542036384344101,0.05742970108985901,-0.05742970108985901,0.05742970108985901,-0.05742970108985901,Tomato,tomato early blight,Tomato — Early Blight,test
97_tomato_early_blight_google_0101,0.2371281534433365,0.11536919325590134,0.11536919325590134,0.12175896018743515,-0.12175896018743515,0.12175896018743515,-0.12175896018743515,Tomato,tomato early blight,Tomato — Early Blight,test
97_tomato_early_blight_google_0117,0.01850707456469536,-0.016128182411193848,0.0,0.034635256975889206,-0.034635256975889206,0.01850707456469536,-0.01850707456469536,Tomato,tomato early blight,Tomato — Early Blight,test
97_tomato_early_blight_google_0120,0.0261087566614151,0.09877476841211319,0.09877476841211319,0.07266601175069809,0.07266601175069809,0.07266601175069809,0.07266601175069809,Tomato,tomato early blight,Tomato — Early Blight,test
97_tomato_early_blight_google_0145,0.14393848180770874,0.17453332245349884,0.17453332245349884,0.0305948406457901,0.0305948406457901,0.0305948406457901,0.0305948406457901,Tomato,tomato early blight,Tomato — Early Blight,test
97_tomato_early_blight_google_0183,0.03584635257720947,0.10251070559024811,0.10251070559024811,0.06666435301303864,0.06666435301303864,0.06666435301303864,0.06666435301303864,Tomato,tomato early blight,Tomato — Early Blight,test
97_tomato_early_blight_google_0353,0.1304306834936142,0.1611446589231491,0.1611446589231491,0.030713975429534912,0.030713975429534912,0.030713975429534912,0.030713975429534912,Tomato,tomato early blight,Tomato — Early Blight,test
105_wheat_leaf_rust_Baidu_0009,0.24211233854293823,0.1564895063638687,0.1564895063638687,0.08562283217906952,-0.08562283217906952,0.08562283217906952,-0.08562283217906952,Wheat,wheat leaf rust,Wheat — Leaf Rust,test
105_wheat_leaf_rust_Bing_0051,0.21814276278018951,0.09980468451976776,0.09980468451976776,0.11833807826042175,-0.11833807826042175,0.11833807826042175,-0.11833807826042175,Wheat,wheat leaf rust,Wheat — Leaf Rust,test
105_wheat_leaf_rust_Google_0251,0.7286105155944824,0.544481098651886,0.544481098651886,0.18412941694259644,-0.18412941694259644,0.18412941694259644,-0.18412941694259644,Wheat,wheat leaf rust,Wheat — Leaf Rust,test
105_wheat_leaf_rust_Google_0263,0.23190297186374664,0.10539046674966812,0.10539046674966812,0.12651250511407852,-0.12651250511407852,0.12651250511407852,-0.12651250511407852,Wheat,wheat leaf rust,Wheat — Leaf Rust,test
105_wheat_leaf_rust_Google_0367,0.08209306001663208,0.06589953601360321,0.06589953601360321,0.01619352400302887,-0.01619352400302887,0.01619352400302887,-0.01619352400302887,Wheat,wheat leaf rust,Wheat — Leaf Rust,test
105_wheat_leaf_rust_Google_0387,0.03967856988310814,0.3357258439064026,0.3357258439064026,0.29604727402329445,0.29604727402329445,0.29604727402329445,0.29604727402329445,Wheat,wheat leaf rust,Wheat — Leaf Rust,test
0_apple_black_rot_7,0.04167327657341957,0.01075234729796648,0.01075234729796648,0.03092092927545309,-0.03092092927545309,0.03092092927545309,-0.03092092927545309,Apple,apple black rot,Apple — Black Rot,test
5_banana_black_leaf_streak_Bing_0094,0.7050281763076782,0.8071056604385376,0.8071056604385376,0.10207748413085938,0.10207748413085938,0.10207748413085938,0.10207748413085938,Banana,banana black leaf streak,Banana — Black Sigatoka,test
5_banana_black_leaf_streak_banana black sigatoka (91),0.6323692798614502,0.5561536550521851,0.5561536550521851,0.07621562480926514,-0.07621562480926514,0.07621562480926514,-0.07621562480926514,Banana,banana black leaf streak,Banana — Black Sigatoka,test
14_bell_pepper_bacterial_spot_Bing_0019,0.0614827461540699,0.08434933423995972,0.08434933423995972,0.022866588085889816,0.022866588085889816,0.022866588085889816,0.022866588085889816,Bell pepper,bell pepper bacterial spot,Bell Pepper — Bacterial Spot,test
38_citrus_canker_103,0.006061274092644453,0.0912613719701767,0.0912613719701767,0.08520009787753224,0.08520009787753224,0.08520009787753224,0.08520009787753224,Citrus,citrus canker,Citrus — Citrus Canker,test
38_citrus_canker_107,0.04977928847074509,-0.06352818757295609,0.0,0.11330747604370117,-0.11330747604370117,0.04977928847074509,-0.04977928847074509,Citrus,citrus canker,Citrus — Citrus Canker,test
38_citrus_canker_11,0.03885525092482567,0.09786302596330643,0.09786302596330643,0.05900777503848076,0.05900777503848076,0.05900777503848076,0.05900777503848076,Citrus,citrus canker,Citrus — Citrus Canker,test
38_citrus_canker_125,0.12016653269529343,0.09848848730325699,0.09848848730325699,0.021678045392036438,-0.021678045392036438,0.021678045392036438,-0.021678045392036438,Citrus,citrus canker,Citrus — Citrus Canker,test
38_citrus_canker_130,0.018967336043715477,0.08094267547130585,0.08094267547130585,0.06197533942759037,0.06197533942759037,0.06197533942759037,0.06197533942759037,Citrus,citrus canker,Citrus — Citrus Canker,test
38_citrus_canker_147,0.07217952609062195,0.13235117495059967,0.13235117495059967,0.06017164885997772,0.06017164885997772,0.06017164885997772,0.06017164885997772,Citrus,citrus canker,Citrus — Citrus Canker,test
38_citrus_canker_149,0.20561416447162628,0.1343071460723877,0.1343071460723877,0.07130701839923859,-0.07130701839923859,0.07130701839923859,-0.07130701839923859,Citrus,citrus canker,Citrus — Citrus Canker,test
38_citrus_canker_26,0.07028485834598541,0.057991813868284225,0.057991813868284225,0.012293044477701187,-0.012293044477701187,0.012293044477701187,-0.012293044477701187,Citrus,citrus canker,Citrus — Citrus Canker,test
38_citrus_canker_321,0.08731408417224884,-0.044219009578228,0.0,0.13153309375047684,-0.13153309375047684,0.08731408417224884,-0.08731408417224884,Citrus,citrus canker,Citrus — Citrus Canker,test
38_citrus_canker_352,0.1767067015171051,0.06924785673618317,0.06924785673618317,0.10745884478092194,-0.10745884478092194,0.10745884478092194,-0.10745884478092194,Citrus,citrus canker,Citrus — Citrus Canker,test
38_citrus_canker_4,0.43450412154197693,0.24641045928001404,0.24641045928001404,0.1880936622619629,-0.1880936622619629,0.1880936622619629,-0.1880936622619629,Citrus,citrus canker,Citrus — Citrus Canker,test
38_citrus_canker_google_0093,0.08745034039020538,0.04324786365032196,0.04324786365032196,0.04420247673988342,-0.04420247673988342,0.04420247673988342,-0.04420247673988342,Citrus,citrus canker,Citrus — Citrus Canker,test
44_corn_gray_leaf_spot_31,0.07514825463294983,0.267184317111969,0.267184317111969,0.19203606247901917,0.19203606247901917,0.19203606247901917,0.19203606247901917,Corn,corn gray leaf spot,Corn — Gray Leaf Spot,test
44_corn_gray_leaf_spot_google_0066,0.047721587121486664,0.08191848546266556,0.08191848546266556,0.034196898341178894,0.034196898341178894,0.034196898341178894,0.034196898341178894,Corn,corn gray leaf spot,Corn — Gray Leaf Spot,test
44_corn_gray_leaf_spot_google_0089,0.42666250467300415,0.21005026996135712,0.21005026996135712,0.21661223471164703,-0.21661223471164703,0.21661223471164703,-0.21661223471164703,Corn,corn gray leaf spot,Corn — Gray Leaf Spot,test
59_grape_downy_mildew_190,0.08056630939245224,0.22242599725723267,0.22242599725723267,0.14185968786478043,0.14185968786478043,0.14185968786478043,0.14185968786478043,Grape,grape downy mildew,Grape — Downy Mildew,test
59_grape_downy_mildew_202,0.2445632368326187,0.18747425079345703,0.18747425079345703,0.05708898603916168,-0.05708898603916168,0.05708898603916168,-0.05708898603916168,Grape,grape downy mildew,Grape — Downy Mildew,test
59_grape_downy_mildew_203,0.11827199906110764,0.16138774156570435,0.16138774156570435,0.04311574250459671,0.04311574250459671,0.04311574250459671,0.04311574250459671,Grape,grape downy mildew,Grape — Downy Mildew,test
59_grape_downy_mildew_29,0.2943263351917267,0.0873480960726738,0.0873480960726738,0.2069782391190529,-0.2069782391190529,0.2069782391190529,-0.2069782391190529,Grape,grape downy mildew,Grape — Downy Mildew,test
59_grape_downy_mildew_google_0001,0.0923190712928772,0.16497518122196198,0.16497518122196198,0.07265610992908478,0.07265610992908478,0.07265610992908478,0.07265610992908478,Grape,grape downy mildew,Grape — Downy Mildew,test
59_grape_downy_mildew_google_0033,0.013927305117249489,0.26603230834007263,0.26603230834007263,0.25210500322282314,0.25210500322282314,0.25210500322282314,0.25210500322282314,Grape,grape downy mildew,Grape — Downy Mildew,test
59_grape_downy_mildew_google_0133,0.33282220363616943,0.06970398873090744,0.06970398873090744,0.263118214905262,-0.263118214905262,0.263118214905262,-0.263118214905262,Grape,grape downy mildew,Grape — Downy Mildew,test
59_grape_downy_mildew_google_0206,0.1831074059009552,0.39933720231056213,0.39933720231056213,0.21622979640960693,0.21622979640960693,0.21622979640960693,0.21622979640960693,Grape,grape downy mildew,Grape — Downy Mildew,test
76_potato_late_blight_google_0053,0.06763047724962234,-0.038677215576171875,0.0,0.10630769282579422,-0.10630769282579422,0.06763047724962234,-0.06763047724962234,Potato,potato late blight,Potato — Late Blight,test
76_potato_late_blight_google_0082,0.022174794226884842,0.03430841118097305,0.03430841118097305,0.012133616954088211,0.012133616954088211,0.012133616954088211,0.012133616954088211,Potato,potato late blight,Potato — Late Blight,test
76_potato_late_blight_google_0100,0.044704586267471313,0.1874517798423767,0.1874517798423767,0.1427471935749054,0.1427471935749054,0.1427471935749054,0.1427471935749054,Potato,potato late blight,Potato — Late Blight,test
86_soybean_frog_eye_leaf_spot_Baidu_0012,0.21198081970214844,0.31555405259132385,0.31555405259132385,0.10357323288917542,0.10357323288917542,0.10357323288917542,0.10357323288917542,Soybean,soybean frog eye leaf spot,Soybean — Frogeye Leaf Spot,test
86_soybean_frog_eye_leaf_spot_Bing_0047,0.21897916495800018,0.19780951738357544,0.19780951738357544,0.021169647574424744,-0.021169647574424744,0.021169647574424744,-0.021169647574424744,Soybean,soybean frog eye leaf spot,Soybean — Frogeye Leaf Spot,test
86_soybean_frog_eye_leaf_spot_Bing_0126,0.06670922785997391,0.050775062292814255,0.050775062292814255,0.015934165567159653,-0.015934165567159653,0.015934165567159653,-0.015934165567159653,Soybean,soybean frog eye leaf spot,Soybean — Frogeye Leaf Spot,test
86_soybean_frog_eye_leaf_spot_Google_0362,0.3554557263851166,0.02756364643573761,0.02756364643573761,0.32789207994937897,-0.32789207994937897,0.32789207994937897,-0.32789207994937897,Soybean,soybean frog eye leaf spot,Soybean — Frogeye Leaf Spot,test
97_tomato_early_blight_155,0.12953069806098938,0.08999055624008179,0.08999055624008179,0.03954014182090759,-0.03954014182090759,0.03954014182090759,-0.03954014182090759,Tomato,tomato early blight,Tomato — Early Blight,test
97_tomato_early_blight_173,0.075473353266716,0.14331696927547455,0.14331696927547455,0.06784361600875854,0.06784361600875854,0.06784361600875854,0.06784361600875854,Tomato,tomato early blight,Tomato — Early Blight,test
97_tomato_early_blight_191,0.04765969514846802,0.0996154323220253,0.0996154323220253,0.05195573717355728,0.05195573717355728,0.05195573717355728,0.05195573717355728,Tomato,tomato early blight,Tomato — Early Blight,test
97_tomato_early_blight_4,0.061032965779304504,0.029725756496191025,0.029725756496191025,0.03130720928311348,-0.03130720928311348,0.03130720928311348,-0.03130720928311348,Tomato,tomato early blight,Tomato — Early Blight,test
97_tomato_early_blight_google_0247,0.10949215292930603,0.10748709738254547,0.10748709738254547,0.002005055546760559,-0.002005055546760559,0.002005055546760559,-0.002005055546760559,Tomato,tomato early blight,Tomato — Early Blight,test
97_tomato_early_blight_google_0267,0.1277230829000473,0.028812099248170853,0.028812099248170853,0.09891098365187645,-0.09891098365187645,0.09891098365187645,-0.09891098365187645,Tomato,tomato early blight,Tomato — Early Blight,test
97_tomato_early_blight_google_0319,0.029249999672174454,0.05721518024802208,0.05721518024802208,0.027965180575847626,0.027965180575847626,0.027965180575847626,0.027965180575847626,Tomato,tomato early blight,Tomato — Early Blight,test
105_wheat_leaf_rust_Baidu_0317,0.13910791277885437,0.1575743556022644,0.1575743556022644,0.018466442823410034,0.018466442823410034,0.018466442823410034,0.018466442823410034,Wheat,wheat leaf rust,Wheat — Leaf Rust,test
105_wheat_leaf_rust_Bing_0020,0.25639522075653076,0.12546072900295258,0.12546072900295258,0.13093449175357819,-0.13093449175357819,0.13093449175357819,-0.13093449175357819,Wheat,wheat leaf rust,Wheat — Leaf Rust,test
105_wheat_leaf_rust_Google_0058,0.4216471016407013,0.4362410306930542,0.4362410306930542,0.014593929052352905,0.014593929052352905,0.014593929052352905,0.014593929052352905,Wheat,wheat leaf rust,Wheat — Leaf Rust,test
105_wheat_leaf_rust_Google_0103,0.29435616731643677,0.17476321756839752,0.17476321756839752,0.11959294974803925,-0.11959294974803925,0.11959294974803925,-0.11959294974803925,Wheat,wheat leaf rust,Wheat — Leaf Rust,test
105_wheat_leaf_rust_Google_0358,0.1970996856689453,0.2969346344470978,0.2969346344470978,0.09983494877815247,0.09983494877815247,0.09983494877815247,0.09983494877815247,Wheat,wheat leaf rust,Wheat — Leaf Rust,test
60_grape_leaf_spot_google_0041,0.0,0.26982876658439636,0.26982876658439636,0.26982876658439636,0.26982876658439636,0.26982876658439636,0.26982876658439636,Grape,grape leaf spot,Grape — Healthy,test
