epoch,train_loss,val_loss,train_mae,val_mae,val_rmse,val_r2
1,0.2143988827864329,0.1634417213499546,0.2176598310470581,0.17077551782131195,0.2165004014968872,-0.12533462047576904
2,0.18375502030054727,0.14404690265655518,0.18357953429222107,0.15272876620292664,0.20838013291358948,-0.04250192642211914
3,0.15786441465218862,0.13654129579663277,0.158365860581398,0.14771561324596405,0.20164334774017334,0.023815155029296875
4,0.14351005653540294,0.13981465436518192,0.14410518109798431,0.1460859775543213,0.19494301080703735,0.08761191368103027
5,0.13746792525053025,0.13769948855042458,0.1378789246082306,0.14155098795890808,0.19015172123908997,0.13190990686416626
6,0.13099375267823538,0.13186007365584373,0.1323859989643097,0.13495810329914093,0.18315690755844116,0.19460135698318481
7,0.12385940303405125,0.1267370954155922,0.12442239373922348,0.1316271275281906,0.17771679162979126,0.24173468351364136
8,0.12472997556130092,0.12811294570565224,0.12136059999465942,0.1300761103630066,0.1743815839290619,0.2699282765388489
9,0.11433329433202744,0.12643159553408623,0.11439971625804901,0.1273401528596878,0.17694805562496185,0.24828046560287476
10,0.11722919742266337,0.12563913315534592,0.11682622134685516,0.12746652960777283,0.17215265333652496,0.2884724736213684
11,0.11741395046313603,0.12496577575802803,0.11723506450653076,0.12443428486585617,0.17252850532531738,0.285362184047699
12,0.10699136902888616,0.11840221658349037,0.10909335315227509,0.12040846794843674,0.16865025460720062,0.3171296715736389
13,0.10527586688597997,0.11441732756793499,0.10542625933885574,0.11657021939754486,0.16286079585552216,0.3632083535194397
14,0.10199070473512013,0.11945747770369053,0.10159005969762802,0.12389189004898071,0.1717652678489685,0.2916710376739502
15,0.10648582031329473,0.11848288588225842,0.10513103753328323,0.11869480460882187,0.1649588793516159,0.3466954827308655
16,0.09864009817441305,0.10841477289795876,0.09710220992565155,0.11533771455287933,0.16442106664180756,0.3509484529495239
17,0.08945573021968206,0.10530541650950909,0.09081804752349854,0.11322201788425446,0.16054558753967285,0.38118475675582886
18,0.09029841944575309,0.10501609742641449,0.09196463972330093,0.11411940306425095,0.16408123075962067,0.3536286950111389
19,0.08723528186480205,0.10586443915963173,0.08696196973323822,0.11352577805519104,0.16430562734603882,0.35185956954956055
20,0.09057510445515314,0.10110690630972385,0.08977928757667542,0.10874754190444946,0.1591276079416275,0.39206749200820923
21,0.08586462885141373,0.10295956581830978,0.0862356573343277,0.10879304260015488,0.15968091785907745,0.3878324627876282
22,0.08075815439224243,0.10586916469037533,0.08134142309427261,0.10674135386943817,0.15585529804229736,0.41681361198425293
23,0.08419891248146692,0.10649744234979153,0.08414129912853241,0.10586564242839813,0.1548067331314087,0.42463433742523193
24,0.0787290391822656,0.10240367241203785,0.07827128469944,0.10585290193557739,0.15749065577983856,0.4045109152793884
25,0.07561244443058968,0.10134987160563469,0.0753224641084671,0.10407374054193497,0.1529100090265274,0.43864691257476807
26,0.08102714071671167,0.09898506291210651,0.07941041141748428,0.10433951020240784,0.1532873958349228,0.4358726739883423
27,0.07664211690425873,0.09623386524617672,0.07541517913341522,0.1017962396144867,0.15073734521865845,0.4544859528541565
28,0.07330815220872561,0.09571373648941517,0.07243183255195618,0.09810850769281387,0.14882193505764008,0.4682614207267761
29,0.06959372858206431,0.09889234229922295,0.06911882758140564,0.09807958453893661,0.15173457562923431,0.44724416732788086
30,0.06911824345588684,0.10422305017709732,0.06838329881429672,0.10085464268922806,0.1493886411190033,0.4642041325569153
