true_class,n,classification_accuracy,mean_confidence,mean_segmentation_dice,mean_segmentation_iou,mean_true_burden,mean_predicted_burden,mean_burden_absolute_error,mean_burden_signed_error
Apple — Black Rot,10,0.7,0.8502443969249726,0.7991888595461851,0.6875125721453335,0.1912845180582931,0.16369209289550782,0.046154062454141144,-0.027592425162785268
Banana — Black Sigatoka,17,0.9411764705882353,0.9214671289219576,0.8469983517954961,0.752216233006739,0.5081302015164058,0.4193279041963465,0.09760615837927779,-0.08880229732005927
Bell Pepper — Bacterial Spot,8,0.75,0.8205763921141624,0.6583263979491987,0.49742800331225834,0.036374130662867765,0.05678510665893555,0.021529000186334704,0.020410975996067785
Citrus — Citrus Canker,48,0.9375,0.9284609810759624,0.6902840260460547,0.5514666327815315,0.08930021500909402,0.09262371063232422,0.03837916762150465,0.003323495623230193
Corn — Gray Leaf Spot,11,1.0,0.9892726540565491,0.7399116683156609,0.6182327381816152,0.3113877383816952,0.30263762040571734,0.052789077386607826,-0.00875011797597789
Grape — Downy Mildew,32,0.96875,0.9489020342007279,0.7375829505896794,0.6209042084879506,0.23556720523910757,0.19309639930725098,0.060794700618252734,-0.0424708059318566
Potato — Late Blight,12,0.8333333333333334,0.881933276851972,0.7996376959736448,0.6749814201425851,0.11864272362583617,0.10934861501057942,0.02397552969382562,-0.009294108615256738
Soybean — Frogeye Leaf Spot,22,0.9545454545454546,0.8750809959389947,0.7877219552344605,0.6702152199458167,0.2991137730920574,0.31931617043235083,0.062066328191951396,0.020202397340293474
Tomato — Early Blight,23,0.782608695652174,0.8729356825351715,0.7332139227488186,0.6141629754647698,0.11255895647727879,0.1395326697308084,0.033222867660093726,0.026973713253529645
Wheat — Leaf Rust,11,1.0,0.9614436626434326,0.8393065984701745,0.7326914476467615,0.2591951189010354,0.22954316572709518,0.035829277904987446,-0.029651953173940246
