image_id,image_relpath,true_class,true_class_idx,predicted_class,predicted_class_idx,classification_correct,confidence,second_class,second_confidence,confidence_margin,normalized_entropy,segmentation_dice,segmentation_iou,segmentation_precision,segmentation_recall,true_burden,predicted_burden,burden_absolute_error,burden_signed_error,host,disease
0_apple_black_rot_61,images/train/apple_black_rot_61.jpg,Apple — Black Rot,0,Soybean — Frogeye Leaf Spot,7,False,0.9764673113822937,Grape — Downy Mildew,0.011966596357524395,0.9645007150247693,0.06467288199183456,0.7753756493844275,0.6331538720385685,0.664354887522283,0.9309467434712834,0.1080337340160455,0.1512603759765625,0.043226641960516995,0.043226641960516995,Apple,apple black rot
0_apple_black_rot_google_0000,images/train/apple_black_rot_google_0000.jpg,Apple — Black Rot,0,Apple — Black Rot,0,True,0.7582974433898926,Tomato — Early Blight,0.11282121390104294,0.6454762294888496,0.38632105225127494,0.7523280970753697,0.6029855247305841,0.6841745081284051,0.8355620559978022,0.0547685185185185,0.06689071655273438,0.012122198034215874,0.012122198034215874,Apple,apple black rot
0_apple_black_rot_google_0012,images/val/apple_black_rot_google_0012.jpg,Apple — Black Rot,0,Apple — Black Rot,0,True,0.9860310554504395,Citrus — Citrus Canker,0.0028008571825921535,0.9832301982678473,0.044530945325755696,0.9611654012424871,0.9252342985035487,0.9721487360377272,0.9504274732381981,0.1060705414803775,0.10382080078125,0.002249740699127506,-0.002249740699127506,Apple,apple black rot
0_apple_black_rot_google_0016,images/val/apple_black_rot_google_0016.jpg,Apple — Black Rot,0,Apple — Black Rot,0,True,0.9940150380134583,Tomato — Early Blight,0.0056477743200957775,0.9883672636933625,0.016679762825202973,0.5607927436713638,0.3896539162157402,0.5492451473806177,0.5728363324810107,0.0355812459858702,0.037143707275390625,0.0015624612895204226,0.0015624612895204226,Apple,apple black rot
0_apple_black_rot_google_0022,images/train/apple_black_rot_google_0022.jpg,Apple — Black Rot,0,Apple — Black Rot,0,True,0.979072630405426,Tomato — Early Blight,0.011369512416422367,0.9677031179890037,0.05706461408403783,0.9496375361667193,0.9041046009023082,0.9852588880234084,0.9165020404536734,0.5580628272251309,0.5191116333007812,0.03895119392434965,-0.03895119392434965,Apple,apple black rot
0_apple_black_rot_google_0026,images/train/apple_black_rot_google_0026.jpg,Apple — Black Rot,0,Citrus — Citrus Canker,3,False,0.5813782215118408,Apple — Black Rot,0.3686261773109436,0.21275204420089722,0.4037097961556044,0.9366212344535108,0.8807973835854827,0.9860520259432803,0.8919097934083208,0.1209713774597495,0.10939788818359375,0.011573489276155743,-0.011573489276155743,Apple,apple black rot
0_apple_black_rot_google_0071,images/val/apple_black_rot_google_0071.jpg,Apple — Black Rot,0,Soybean — Frogeye Leaf Spot,7,False,0.7945348620414734,Tomato — Early Blight,0.07665448635816574,0.7178803756833076,0.3878674799988166,0.8081067878898545,0.6780026764809669,0.7388752164802864,0.8916534670892915,0.1733583333333333,0.20925521850585938,0.035896885172526066,0.035896885172526066,Apple,apple black rot
0_apple_black_rot_google_0093,images/train/apple_black_rot_google_0093.jpg,Apple — Black Rot,0,Apple — Black Rot,0,True,0.9970356225967407,Tomato — Early Blight,0.002027690876275301,0.9950079317204654,0.010305655375463529,0.5424611060762309,0.3721760759443063,0.9567091948967393,0.3785512023032001,0.3285097668557026,0.13006210327148438,0.19844766358421823,-0.19844766358421823,Apple,apple black rot
0_apple_black_rot_google_0136,images/train/apple_black_rot_google_0136.jpg,Apple — Black Rot,0,Apple — Black Rot,0,True,0.9722808599472046,Potato — Late Blight,0.014183102175593376,0.9580977577716112,0.07364746955108227,0.8215566372755547,0.6971541130125859,0.9873285960140075,0.703448071275595,0.3858155588624338,0.2748565673828125,0.1109589914796213,-0.1109589914796213,Apple,apple black rot
5_banana_black_leaf_streak_Baidu_0008,images/train/banana_black_leaf_streak_Baidu_0008.jpg,Banana — Black Sigatoka,1,Banana — Black Sigatoka,1,True,0.9256772994995117,Potato — Late Blight,0.0346461720764637,0.891031127423048,0.1593721411665529,0.6778652912346882,0.512705162901934,0.6371975190021962,0.7240780265065564,0.0767816265060241,0.08733367919921875,0.010552052693194647,0.010552052693194647,Banana,banana black leaf streak
5_banana_black_leaf_streak_Baidu_0072,images/train/banana_black_leaf_streak_Baidu_0072.jpg,Banana — Black Sigatoka,1,Banana — Black Sigatoka,1,True,0.5509931445121765,Wheat — Leaf Rust,0.08680771291255951,0.464185431599617,0.7096979910191155,0.5932171632041107,0.4216835375676387,0.6016723679285125,0.5849963045161678,0.0205612444742879,0.02007293701171875,0.00048830746256915,-0.00048830746256915,Banana,banana black leaf streak
5_banana_black_leaf_streak_Baidu_0073,images/train/banana_black_leaf_streak_Baidu_0073.jpg,Banana — Black Sigatoka,1,Banana — Black Sigatoka,1,True,0.9847566485404968,Corn — Gray Leaf Spot,0.007232969161123037,0.9775236793793738,0.0454906611297927,0.782913560346644,0.6432686577050025,0.956735848718768,0.6625413104001994,0.6148804983473176,0.42604827880859375,0.18883221953872387,-0.18883221953872387,Banana,banana black leaf streak
5_banana_black_leaf_streak_Bing_0003,images/train/banana_black_leaf_streak_Bing_0003.jpg,Banana — Black Sigatoka,1,Banana — Black Sigatoka,1,True,0.9987342953681946,Soybean — Frogeye Leaf Spot,0.00040982337668538094,0.9983244719915092,0.00524048971051688,0.9358905230277821,0.8795058622077554,0.9716806300915569,0.9026432824045932,0.2126884460449218,0.19760894775390625,0.015079498291015542,-0.015079498291015542,Banana,banana black leaf streak
5_banana_black_leaf_streak_Bing_0044,images/train/banana_black_leaf_streak_Bing_0044.jpg,Banana — Black Sigatoka,1,Banana — Black Sigatoka,1,True,0.9984608888626099,Wheat — Leaf Rust,0.0003445773618295789,0.9981163115007803,0.00641091406094694,0.6972037208516702,0.5351594351402876,0.9602879672670815,0.5472711709321798,0.5169386666666667,0.2946128845214844,0.22232578214518228,-0.22232578214518228,Banana,banana black leaf streak
5_banana_black_leaf_streak_Bing_0056,images/train/banana_black_leaf_streak_Bing_0056.jpg,Banana — Black Sigatoka,1,Banana — Black Sigatoka,1,True,0.9901543259620667,Wheat — Leaf Rust,0.0043621063232421875,0.9857922196388245,0.030626931647948535,0.8800409158123179,0.7857795237677514,0.999815229018769,0.7858936481668447,0.9982421875,0.7845306396484375,0.21371154785156254,-0.21371154785156254,Banana,banana black leaf streak
5_banana_black_leaf_streak_Bing_0073,images/val/banana_black_leaf_streak_Bing_0073.jpg,Banana — Black Sigatoka,1,Banana — Black Sigatoka,1,True,0.9992565512657166,Soybean — Frogeye Leaf Spot,0.00021126819774508476,0.9990452830679715,0.00326302863742582,0.9334470350101831,0.8751998875360233,0.9723930572639599,0.8975005856596373,0.2118026666666666,0.19538497924804688,0.016417687418619736,-0.016417687418619736,Banana,banana black leaf streak
5_banana_black_leaf_streak_Bing_0165,images/val/banana_black_leaf_streak_Bing_0165.jpg,Banana — Black Sigatoka,1,Citrus — Citrus Canker,3,False,0.5226550698280334,Banana — Black Sigatoka,0.25413429737091064,0.2685207724571228,0.5411646503476832,0.6732594678643493,0.5074537572021509,0.9349651194395933,0.526021136333147,0.449115996868476,0.25263214111328125,0.19648385575519473,-0.19648385575519473,Banana,banana black leaf streak
5_banana_black_leaf_streak_Bing_0166,images/train/banana_black_leaf_streak_Bing_0166.jpg,Banana — Black Sigatoka,1,Banana — Black Sigatoka,1,True,0.9173435568809509,Wheat — Leaf Rust,0.051164936274290085,0.8661786206066608,0.16712498867891873,0.9777632388257969,0.9564939121370348,0.9995834685058136,0.956875299530353,0.994532949856196,0.9524574279785156,0.04207552187768038,-0.04207552187768038,Banana,banana black leaf streak
5_banana_black_leaf_streak_banana black sigatoka (13),images/train/banana_black_leaf_streak_banana black sigatoka (13).jpg,Banana — Black Sigatoka,1,Banana — Black Sigatoka,1,True,0.9862733483314514,Corn — Gray Leaf Spot,0.003341539530083537,0.9829318088013679,0.04406923348753074,0.8795833537778684,0.7850502371094142,0.8138482093058853,0.956870520054969,0.2501009114583333,0.2940864562988281,0.04398554484049483,0.04398554484049483,Banana,banana black leaf streak
5_banana_black_leaf_streak_banana black sigatoka (29),images/train/banana_black_leaf_streak_banana black sigatoka (29).jpg,Banana — Black Sigatoka,1,Banana — Black Sigatoka,1,True,0.9869524240493774,Tomato — Early Blight,0.0034676389768719673,0.9834847850725055,0.041209322585628816,0.9241987248064323,0.8590794100334774,0.9574592591279814,0.8931714418052452,0.2306392669157553,0.21512222290039062,0.015517044015364662,-0.015517044015364662,Banana,banana black leaf streak
5_banana_black_leaf_streak_banana black sigatoka (55),images/val/banana_black_leaf_streak_banana black sigatoka (55).jpg,Banana — Black Sigatoka,1,Banana — Black Sigatoka,1,True,0.9869062304496765,Wheat — Leaf Rust,0.00671077286824584,0.9801954575814307,0.03873567239578601,0.7768682667314873,0.6351468493549645,0.9993931200240352,0.635391914916515,0.9987772194304858,0.6348609924316406,0.3639162269988452,-0.3639162269988452,Banana,banana black leaf streak
5_banana_black_leaf_streak_banana black sigatoka (6),images/train/banana_black_leaf_streak_banana black sigatoka (6).jpg,Banana — Black Sigatoka,1,Banana — Black Sigatoka,1,True,0.9872546792030334,Tomato — Early Blight,0.0033476531971246004,0.9839070260059088,0.04038067391069693,0.9259527481235348,0.8621154669926511,0.9467393766225644,0.9060592923601793,0.2287765565767583,0.21895217895507812,0.009824377621680175,-0.009824377621680175,Banana,banana black leaf streak
5_banana_black_leaf_streak_banana black sigatoka (63),images/train/banana_black_leaf_streak_banana black sigatoka (63).jpg,Banana — Black Sigatoka,1,Banana — Black Sigatoka,1,True,0.9639648199081421,Grape — Downy Mildew,0.007016344461590052,0.956948475446552,0.09976391359179065,0.892328689602415,0.8055897821188538,0.9912270159836639,0.8113748666299828,0.5037546666666667,0.4126472473144531,0.09110741935221356,-0.09110741935221356,Banana,banana black leaf streak
5_banana_black_leaf_streak_banana black sigatoka (9),images/train/banana_black_leaf_streak_banana black sigatoka (9).jpg,Banana — Black Sigatoka,1,Banana — Black Sigatoka,1,True,0.9901543259620667,Wheat — Leaf Rust,0.0043621063232421875,0.9857922196388245,0.030626931647948535,0.880942472617781,0.7872182180647955,0.9984343090537788,0.7881912190329312,0.9932230247641508,0.7845306396484375,0.2086923851157133,-0.2086923851157133,Banana,banana black leaf streak
14_bell_pepper_bacterial_spot_Bing_0000,images/train/bell_pepper_bacterial_spot_Bing_0000.jpg,Bell Pepper — Bacterial Spot,2,Bell Pepper — Bacterial Spot,2,True,0.5511595606803894,Tomato — Early Blight,0.25069570541381836,0.30046385526657104,0.5583891736689794,0.6863486900269196,0.5224740270252329,0.5258994365001848,0.9876869848378174,0.037517787839586,0.070404052734375,0.032886264894789,0.032886264894789,Bell pepper,bell pepper bacterial spot
14_bell_pepper_bacterial_spot_Bing_0044,images/train/bell_pepper_bacterial_spot_Bing_0044.jpg,Bell Pepper — Bacterial Spot,2,Bell Pepper — Bacterial Spot,2,True,0.9971153736114502,Tomato — Early Blight,0.0025147246196866035,0.9946006489917636,0.009353078436127753,0.6494599745898232,0.48088909797152896,0.5068170550383388,0.9038461538482793,0.0172616106719367,0.0307769775390625,0.013515366867125799,0.013515366867125799,Bell pepper,bell pepper bacterial spot
14_bell_pepper_bacterial_spot_Bing_0108,images/train/bell_pepper_bacterial_spot_Bing_0108.jpg,Bell Pepper — Bacterial Spot,2,Bell Pepper — Bacterial Spot,2,True,0.9164078831672668,Citrus — Citrus Canker,0.07739897817373276,0.8390089049935341,0.1390085300107507,0.7259864801146256,0.5698420533105475,0.5759541032711736,0.981717687075089,0.0269703703703703,0.045879364013671875,0.018908993643301574,0.018908993643301574,Bell pepper,bell pepper bacterial spot
14_bell_pepper_bacterial_spot_Bing_0110,images/val/bell_pepper_bacterial_spot_Bing_0110.jpg,Bell Pepper — Bacterial Spot,2,Bell Pepper — Bacterial Spot,2,True,0.9833689332008362,Tomato — Early Blight,0.008131252601742744,0.9752376805990934,0.047084311355045344,0.4149945828844421,0.26182534040978933,0.26557213378853195,0.9488703923910251,0.0192949848790322,0.06877517700195312,0.04948019212292093,0.04948019212292093,Bell pepper,bell pepper bacterial spot
14_bell_pepper_bacterial_spot_Google_0000,images/train/bell_pepper_bacterial_spot_Google_0000.jpg,Bell Pepper — Bacterial Spot,2,Bell Pepper — Bacterial Spot,2,True,0.5511595606803894,Tomato — Early Blight,0.25069570541381836,0.30046385526657104,0.5583891736689794,0.7330877428006259,0.5786412899837238,0.5930320762917586,0.9597509645741867,0.0435624191461837,0.070404052734375,0.026841633588191298,0.026841633588191298,Bell pepper,bell pepper bacterial spot
14_bell_pepper_bacterial_spot_Google_0008,images/train/bell_pepper_bacterial_spot_Google_0008.jpg,Bell Pepper — Bacterial Spot,2,Bell Pepper — Bacterial Spot,2,True,0.9164078831672668,Citrus — Citrus Canker,0.07739897817373276,0.8390089049935341,0.1390085300107507,0.7127473343604438,0.5536965301281324,0.5585765361307177,0.9844665885113648,0.0259962962962962,0.045879364013671875,0.019883067717375674,0.019883067717375674,Bell pepper,bell pepper bacterial spot
14_bell_pepper_bacterial_spot_Google_0061,images/val/bell_pepper_bacterial_spot_Google_0061.jpg,Bell Pepper — Bacterial Spot,2,Tomato — Early Blight,8,False,0.8553376793861389,Bell Pepper — Bacterial Spot,0.12351462244987488,0.731823056936264,0.215420983382153,0.6683281028869967,0.5018714477172872,0.6359271620139592,0.7042080010393296,0.0589068287037037,0.06515121459960938,0.006244385895905674,0.006244385895905674,Bell pepper,bell pepper bacterial spot
38_citrus_canker_106,images/train/citrus_canker_106.jpg,Citrus — Citrus Canker,3,Citrus — Citrus Canker,3,True,0.9633095860481262,Bell Pepper — Bacterial Spot,0.0069385310634970665,0.9563710549846292,0.10256018060482751,0.6791681867954822,0.5141973262676588,0.7299247176955783,0.6350115977672941,0.0280042016806722,0.024322509765625,0.0036816919150471986,-0.0036816919150471986,Citrus,citrus canker
38_citrus_canker_124,images/train/citrus_canker_124.jpg,Citrus — Citrus Canker,3,Citrus — Citrus Canker,3,True,0.9237319231033325,Bell Pepper — Bacterial Spot,0.04113630950450897,0.8825956135988235,0.15998745063356104,0.6966761771499507,0.5345380518153475,0.7419966709257849,0.656573268481001,0.1114371141975308,0.09854507446289062,0.012892039734640176,-0.012892039734640176,Citrus,citrus canker
38_citrus_canker_127,images/train/citrus_canker_127.jpg,Citrus — Citrus Canker,3,Citrus — Citrus Canker,3,True,0.866184413433075,Bell Pepper — Bacterial Spot,0.05943622067570686,0.8067481927573681,0.2715199926043606,0.5867098865573811,0.4151376146980624,0.4890003859710923,0.7332175926080314,0.0066152263374485,0.009883880615234375,0.003268654277785875,0.003268654277785875,Citrus,citrus canker
38_citrus_canker_139,images/train/citrus_canker_139.jpg,Citrus — Citrus Canker,3,Citrus — Citrus Canker,3,True,0.9807141423225403,Apple — Black Rot,0.009197966195642948,0.9715161761268973,0.055517299742081125,0.8405947057883539,0.7250223109945922,0.9696220517193247,0.7418737633993393,0.175362196290659,0.13423919677734375,0.041122999513315245,-0.041122999513315245,Citrus,citrus canker
38_citrus_canker_158,images/train/citrus_canker_158.jpg,Citrus — Citrus Canker,3,Citrus — Citrus Canker,3,True,0.9870327711105347,Bell Pepper — Bacterial Spot,0.003462232882156968,0.9835705382283777,0.04123344183661261,0.7701778385780399,0.626251390435795,0.8641912140935298,0.6946125374555279,0.0649107981220657,0.052188873291015625,0.012721924831050072,-0.012721924831050072,Citrus,citrus canker
38_citrus_canker_176,images/train/citrus_canker_176.jpg,Citrus — Citrus Canker,3,Citrus — Citrus Canker,3,True,0.9821414947509766,Bell Pepper — Bacterial Spot,0.0038423396181315184,0.978299155132845,0.0552297131055185,0.21561111595428342,0.12083190939256537,0.5506117908887517,0.13405188756359177,0.0704947916666666,0.017147064208984375,0.05334772745768222,-0.05334772745768222,Citrus,citrus canker
38_citrus_canker_183,images/train/citrus_canker_183.jpg,Citrus — Citrus Canker,3,Citrus — Citrus Canker,3,True,0.9669473767280579,Bell Pepper — Bacterial Spot,0.009108672849833965,0.9578387038782239,0.09284540966738751,0.6789556842988528,0.5139537532776287,0.8960381292831294,0.5465447277599992,0.062897566134175,0.038417816162109375,0.02447974997206563,-0.02447974997206563,Citrus,citrus canker
38_citrus_canker_192,images/train/citrus_canker_192.jpg,Citrus — Citrus Canker,3,Citrus — Citrus Canker,3,True,0.9523670673370361,Grape — Downy Mildew,0.008424907922744751,0.9439421594142914,0.1275494330979492,0.9069867864239658,0.8298040455129067,0.9575709683304506,0.8614787268956497,0.0697818202942811,0.06275558471679688,0.007026235577484219,-0.007026235577484219,Citrus,citrus canker
38_citrus_canker_2,images/train/citrus_canker_2.jpg,Citrus — Citrus Canker,3,Citrus — Citrus Canker,3,True,0.9107421040534973,Bell Pepper — Bacterial Spot,0.036095477640628815,0.8746466264128685,0.19995665413479952,0.565895184891908,0.39459820435264076,0.4167711598791789,0.8811930405984889,0.023073307141484,0.048675537109375,0.025602229967891,0.025602229967891,Citrus,citrus canker
38_citrus_canker_236,images/train/citrus_canker_236.jpg,Citrus — Citrus Canker,3,Citrus — Citrus Canker,3,True,0.8932391405105591,Apple — Black Rot,0.043235886842012405,0.8500032536685467,0.2350083520058907,0.47199386167409846,0.3088952654331579,0.3135284695017689,0.9543439716332295,0.0085670977397444,0.026195526123046875,0.017628428383302475,0.017628428383302475,Citrus,citrus canker
38_citrus_canker_250,images/train/citrus_canker_250.jpg,Citrus — Citrus Canker,3,Citrus — Citrus Canker,3,True,0.9749074578285217,Bell Pepper — Bacterial Spot,0.00571528309956193,0.9691921747289598,0.07347834357705207,0.6898638426655648,0.5265588914617991,0.5537340619375571,0.9147442327002321,0.015108,0.0251312255859375,0.0100232255859375,0.0100232255859375,Citrus,citrus canker
38_citrus_canker_260,images/train/citrus_canker_260.jpg,Citrus — Citrus Canker,3,Citrus — Citrus Canker,3,True,0.9761989116668701,Tomato — Early Blight,0.011394215747714043,0.9648046959191561,0.06412919899917273,0.8325460485724361,0.713129667816609,0.9803006121817481,0.723497767308246,0.2166861484511981,0.16014480590820312,0.05654134254299498,-0.05654134254299498,Citrus,citrus canker
38_citrus_canker_271,images/train/citrus_canker_271.jpg,Citrus — Citrus Canker,3,Citrus — Citrus Canker,3,True,0.977527379989624,Bell Pepper — Bacterial Spot,0.006780978292226791,0.9707464016973972,0.06612461886725525,0.6551992807931963,0.48720919868538004,0.49636759898750116,0.9635113696463333,0.0216681134259259,0.0420074462890625,0.0203393328631366,0.0203393328631366,Citrus,citrus canker
38_citrus_canker_296,images/train/citrus_canker_296.jpg,Citrus — Citrus Canker,3,Citrus — Citrus Canker,3,True,0.9895104169845581,Bell Pepper — Bacterial Spot,0.00496949115768075,0.9845409258268774,0.03302978371443134,0.7881723667666282,0.6503997310772272,0.912653814602312,0.6935725195603417,0.2448973607038123,0.186004638671875,0.058892722031937295,-0.058892722031937295,Citrus,citrus canker
38_citrus_canker_30,images/train/citrus_canker_30.jpg,Citrus — Citrus Canker,3,Citrus — Citrus Canker,3,True,0.9425650835037231,Apple — Black Rot,0.010955086909234524,0.9316099965944886,0.14865410775486665,0.8258458168734495,0.7033538088452833,0.97407318558437,0.7167725816092054,0.2808901753660507,0.20672225952148438,0.07416791584456633,-0.07416791584456633,Citrus,citrus canker
38_citrus_canker_304,images/train/citrus_canker_304.jpg,Citrus — Citrus Canker,3,Citrus — Citrus Canker,3,True,0.9951897859573364,Bell Pepper — Bacterial Spot,0.0029433127492666245,0.9922464732080698,0.01620498666234063,0.6852076191466216,0.5211527151557689,0.5790711858517946,0.8389825159386544,0.0605320460939607,0.08756256103515625,0.02703051494119555,0.02703051494119555,Citrus,citrus canker
38_citrus_canker_305,images/train/citrus_canker_305.jpg,Citrus — Citrus Canker,3,Citrus — Citrus Canker,3,True,0.9657643437385559,Bell Pepper — Bacterial Spot,0.008483102545142174,0.9572812411934137,0.09607266510999743,0.6709811797974002,0.5048695846887671,0.8756431414437856,0.5438649381999164,0.063344407530454,0.039295196533203125,0.02404921099725088,-0.02404921099725088,Citrus,citrus canker
38_citrus_canker_31,images/train/citrus_canker_31.jpg,Citrus — Citrus Canker,3,Citrus — Citrus Canker,3,True,0.9200736880302429,Bell Pepper — Bacterial Spot,0.0466683954000473,0.8734052926301956,0.17233268895693704,0.667740945365619,0.5012095380724716,0.5229567307700499,0.9233870967744259,0.1258142248376623,0.22216796875,0.0963537439123377,0.0963537439123377,Citrus,citrus canker
38_citrus_canker_311,images/train/citrus_canker_311.jpg,Citrus — Citrus Canker,3,Citrus — Citrus Canker,3,True,0.9290351867675781,Soybean — Frogeye Leaf Spot,0.0205378457903862,0.9084973409771919,0.167847711971478,0.7834084460026983,0.6439371072643747,0.9233523509741359,0.6803014929709225,0.1315365720524017,0.09695053100585938,0.03458604104654234,-0.03458604104654234,Citrus,citrus canker
38_citrus_canker_318,images/train/citrus_canker_318.jpg,Citrus — Citrus Canker,3,Citrus — Citrus Canker,3,True,0.9519118666648865,Apple — Black Rot,0.010560006834566593,0.9413518598303199,0.12701488785210494,0.8847344803035473,0.7932949281393477,0.7952312913026277,0.9969399559652314,0.1021115040565841,0.12815093994140625,0.026039435884822146,0.026039435884822146,Citrus,citrus canker
38_citrus_canker_397,images/train/citrus_canker_397.jpg,Citrus — Citrus Canker,3,Citrus — Citrus Canker,3,True,0.8234225511550903,Potato — Late Blight,0.0537792406976223,0.769643310457468,0.3483267669312082,0.6573854263080618,0.489630783987715,0.7830713190204843,0.5664655710452363,0.0551018409714061,0.039794921875,0.0153069190964061,-0.0153069190964061,Citrus,citrus canker
38_citrus_canker_403,images/train/citrus_canker_403.jpg,Citrus — Citrus Canker,3,Citrus — Citrus Canker,3,True,0.9811503887176514,Apple — Black Rot,0.005306567996740341,0.975843820720911,0.05573022477451173,0.8686182306740019,0.7677498915257993,0.8963154527036997,0.8425814536344798,0.1522714725136051,0.1430816650390625,0.009189807474542594,-0.009189807474542594,Citrus,citrus canker
38_citrus_canker_43,images/train/citrus_canker_43.jpg,Citrus — Citrus Canker,3,Citrus — Citrus Canker,3,True,0.9654418230056763,Bell Pepper — Bacterial Spot,0.026571383699774742,0.9388704393059015,0.08022612306888116,0.7375302663450967,0.5841963943261664,0.7473012757630294,0.7280114722779348,0.0399051143024619,0.03887176513671875,0.0010333491657431512,-0.0010333491657431512,Citrus,citrus canker
38_citrus_canker_443,images/train/citrus_canker_443.jpg,Citrus — Citrus Canker,3,Citrus — Citrus Canker,3,True,0.9776861667633057,Bell Pepper — Bacterial Spot,0.008650240488350391,0.9690359262749553,0.06318072417687944,0.8287546766439637,0.7075841927548253,0.9101901854900787,0.7606946624815507,0.0777060991957104,0.0649871826171875,0.012718916578522907,-0.012718916578522907,Citrus,citrus canker
38_citrus_canker_61,images/train/citrus_canker_61.jpg,Citrus — Citrus Canker,3,Citrus — Citrus Canker,3,True,0.9950515627861023,Bell Pepper — Bacterial Spot,0.0023909469600766897,0.9926606158260256,0.016890982619470377,0.6436077057802524,0.47449967721309955,0.4752215418572425,0.9968089349820757,0.0478693181818181,0.10029983520507812,0.05243051702326002,0.05243051702326002,Citrus,citrus canker
38_citrus_canker_68,images/train/citrus_canker_68.jpg,Citrus — Citrus Canker,3,Citrus — Citrus Canker,3,True,0.9476866722106934,Grape — Downy Mildew,0.01844656839966774,0.9292401038110256,0.1326892862529962,0.5831245422673433,0.41155666793943324,0.42216888988434353,0.9424370794923693,0.0306439142920256,0.06834793090820312,0.037704016616177526,0.037704016616177526,Citrus,citrus canker
38_citrus_canker_7,images/train/citrus_canker_7.jpg,Citrus — Citrus Canker,3,Citrus — Citrus Canker,3,True,0.9740033745765686,Bell Pepper — Bacterial Spot,0.013150908052921295,0.9608524665236473,0.07104558027417349,0.6725924641214387,0.5066962827496786,0.810449320796129,0.5748165715587725,0.0515387088477366,0.03650665283203125,0.015032056015705349,-0.015032056015705349,Citrus,citrus canker
38_citrus_canker_87,images/train/citrus_canker_87.jpg,Citrus — Citrus Canker,3,Bell Pepper — Bacterial Spot,2,False,0.5092187523841858,Citrus — Citrus Canker,0.38993772864341736,0.11928102374076843,0.46549292395980807,0.5147030559385988,0.34653209111422023,0.45652915105842046,0.5898678414277592,0.0086228862636089,0.011188507080078125,0.002565620816469225,0.002565620816469225,Citrus,citrus canker
38_citrus_canker_9,images/train/citrus_canker_9.jpg,Citrus — Citrus Canker,3,Citrus — Citrus Canker,3,True,0.9455873370170593,Grape — Downy Mildew,0.02083638869225979,0.9247509483247995,0.13211712869518044,0.5770430817245379,0.4055239300046151,0.572474552059215,0.5816851146217765,0.0629976851851851,0.06408309936523438,0.001085414180049274,0.001085414180049274,Citrus,citrus canker
38_citrus_canker_google_0037,images/train/citrus_canker_google_0037.jpg,Citrus — Citrus Canker,3,Citrus — Citrus Canker,3,True,0.9808678030967712,Bell Pepper — Bacterial Spot,0.010596933774650097,0.9702708693221211,0.05405835686022886,0.8966419945463239,0.8126482883295315,0.876336389388455,0.917910923941048,0.1196158854166666,0.12524032592773438,0.00562444051106778,0.00562444051106778,Citrus,citrus canker
38_citrus_canker_google_0042,images/train/citrus_canker_google_0042.jpg,Citrus — Citrus Canker,3,Citrus — Citrus Canker,3,True,0.9406812787055969,Grape — Downy Mildew,0.017079683020710945,0.923601595684886,0.14558064085005626,0.473413819678033,0.3101127376774772,0.3344979354810359,0.809665019222299,0.0347709655761718,0.08407211303710938,0.049301147460937576,0.049301147460937576,Citrus,citrus canker
38_citrus_canker_google_0052,images/train/citrus_canker_google_0052.jpg,Citrus — Citrus Canker,3,Citrus — Citrus Canker,3,True,0.9179229736328125,Apple — Black Rot,0.04476093500852585,0.8731620386242867,0.18132733814163413,0.7473156764531522,0.5965714285806498,0.6331877729346631,0.9116311561330203,0.0108658854166666,0.01572418212890625,0.004858296712239651,0.004858296712239651,Citrus,citrus canker
38_citrus_canker_google_0150,images/train/citrus_canker_google_0150.jpg,Citrus — Citrus Canker,3,Tomato — Early Blight,8,False,0.9725958108901978,Citrus — Citrus Canker,0.007334428373724222,0.9652613825164735,0.07777489659909707,0.8417429931720214,0.7267324852862602,0.7840434248263334,0.9086096802527865,0.1608815426997245,0.1862335205078125,0.02535197780808801,0.02535197780808801,Citrus,citrus canker
38_citrus_canker_google_0174,images/train/citrus_canker_google_0174.jpg,Citrus — Citrus Canker,3,Citrus — Citrus Canker,3,True,0.9836450815200806,Bell Pepper — Bacterial Spot,0.007802171166986227,0.9758429103530943,0.04747371721225556,0.743313609468215,0.5914869573425394,0.7601815431179414,0.7271780028959353,0.0658333333333333,0.06303787231445312,0.0027954610188801743,-0.0027954610188801743,Citrus,citrus canker
38_citrus_canker_google_0197,images/train/citrus_canker_google_0197.jpg,Citrus — Citrus Canker,3,Wheat — Leaf Rust,9,False,0.3503667414188385,Corn — Gray Leaf Spot,0.2556379437446594,0.09472879767417908,0.7229398027982996,0.30655319591966834,0.18102322150395656,0.18247869868382458,0.9577980159377224,0.0938804362021679,0.4924774169921875,0.3985969807900196,0.3985969807900196,Citrus,citrus canker
38_citrus_canker_google_0294,images/train/citrus_canker_google_0294.jpg,Citrus — Citrus Canker,3,Citrus — Citrus Canker,3,True,0.6649680137634277,Bell Pepper — Bacterial Spot,0.3064960539340973,0.35847195982933044,0.33608389466956057,0.7743613562491931,0.631802334400003,0.8474989833296563,0.7128441936084685,0.0222890946502057,0.01876068115234375,0.0035284134978619507,-0.0035284134978619507,Citrus,citrus canker
44_corn_gray_leaf_spot_google_0003,images/train/corn_gray_leaf_spot_google_0003.jpg,Corn — Gray Leaf Spot,4,Corn — Gray Leaf Spot,4,True,0.9955887794494629,Wheat — Leaf Rust,0.001704036258161068,0.9938847431913018,0.015527416587899618,0.8197982715437531,0.6946255472920343,0.8299960020562797,0.8098480880044026,0.3424045138888889,0.3339576721191406,0.008446841769748248,-0.008446841769748248,Corn,corn gray leaf spot
44_corn_gray_leaf_spot_google_0006,images/train/corn_gray_leaf_spot_google_0006.jpg,Corn — Gray Leaf Spot,4,Corn — Gray Leaf Spot,4,True,0.9420901536941528,Wheat — Leaf Rust,0.05198131874203682,0.890108834952116,0.10901700828421214,0.7695689268724643,0.6254465964652766,0.7038486972626585,0.8488260814089434,0.2387854799600627,0.28842926025390625,0.04964378029384356,0.04964378029384356,Corn,corn gray leaf spot
44_corn_gray_leaf_spot_google_0021,images/val/corn_gray_leaf_spot_google_0021.jpg,Corn — Gray Leaf Spot,4,Corn — Gray Leaf Spot,4,True,0.9996080994606018,Wheat — Leaf Rust,0.00022693537175655365,0.9993811640888453,0.0017521880293027267,0.8951089506677834,0.810133226446967,0.8382442974228911,0.9602502177528361,0.3374936210541663,0.38631439208984375,0.048820771035677446,0.048820771035677446,Corn,corn gray leaf spot
44_corn_gray_leaf_spot_google_0049,images/train/corn_gray_leaf_spot_google_0049.jpg,Corn — Gray Leaf Spot,4,Corn — Gray Leaf Spot,4,True,0.9895040988922119,Banana — Black Sigatoka,0.0068590072914958,0.9826450916007161,0.031164680282372608,0.6983399064505333,0.5364994363086739,0.7844632186320943,0.6292561983532354,0.0230799220272904,0.018512725830078125,0.004567196197212273,-0.004567196197212273,Corn,corn gray leaf spot
44_corn_gray_leaf_spot_google_0067,images/train/corn_gray_leaf_spot_google_0067.jpg,Corn — Gray Leaf Spot,4,Corn — Gray Leaf Spot,4,True,0.9967688322067261,Wheat — Leaf Rust,0.000888448441401124,0.995880383765325,0.01207001223668701,0.7941437524096557,0.6585724907068274,0.736321468354027,0.8618213660247873,0.1960924499229584,0.22945022583007812,0.03335777590711972,0.03335777590711972,Corn,corn gray leaf spot
44_corn_gray_leaf_spot_google_0140,images/train/corn_gray_leaf_spot_google_0140.jpg,Corn — Gray Leaf Spot,4,Corn — Gray Leaf Spot,4,True,0.9972249269485474,Wheat — Leaf Rust,0.0021113273687660694,0.9951135995797813,0.009354626740607998,0.9561261323763545,0.9159402893694149,0.9944590705932799,0.9206387122111116,0.9424412266565552,0.8722763061523438,0.07016492050421141,-0.07016492050421141,Corn,corn gray leaf spot
44_corn_gray_leaf_spot_google_0152,images/train/corn_gray_leaf_spot_google_0152.jpg,Corn — Gray Leaf Spot,4,Corn — Gray Leaf Spot,4,True,0.9984297156333923,Wheat — Leaf Rust,0.0008535189554095268,0.9975761966779828,0.006104110328651452,0.6443467689147973,0.47530353201003656,0.6427238805981259,0.6459778736182075,0.1221268518518518,0.1226806640625,0.0005538122106481941,0.0005538122106481941,Corn,corn gray leaf spot
44_corn_gray_leaf_spot_google_0187,images/train/corn_gray_leaf_spot_google_0187.jpg,Corn — Gray Leaf Spot,4,Corn — Gray Leaf Spot,4,True,0.9928038716316223,Wheat — Leaf Rust,0.0027904706075787544,0.9900134010240436,0.02409577726414704,0.9923662822858623,0.9848482289150606,0.9935980095319823,0.9911376051134482,0.6733087057147944,0.6715354919433594,0.0017732137714350227,-0.0017732137714350227,Corn,corn gray leaf spot
59_grape_downy_mildew_102,images/train/grape_downy_mildew_102.jpg,Grape — Downy Mildew,5,Grape — Downy Mildew,5,True,0.9309513568878174,Banana — Black Sigatoka,0.017776209861040115,0.9131751470267773,0.16701842909032222,0.8424772036476159,0.727827742401961,0.7695208569516935,0.9307160645831192,0.1364340560072267,0.16488265991210938,0.028448603904882686,0.028448603904882686,Grape,grape downy mildew
59_grape_downy_mildew_148,images/train/grape_downy_mildew_148.jpg,Grape — Downy Mildew,5,Grape — Downy Mildew,5,True,0.987983226776123,Potato — Late Blight,0.007096484769135714,0.9808867420069873,0.03449487774950607,0.8447415685493639,0.7312143720855047,0.8979635129404187,0.7974755086665882,0.182355,0.16184234619140625,0.02051265380859374,-0.02051265380859374,Grape,grape downy mildew
59_grape_downy_mildew_150,images/val/grape_downy_mildew_150.jpg,Grape — Downy Mildew,5,Grape — Downy Mildew,5,True,0.9866607189178467,Potato — Late Blight,0.003916898742318153,0.9827438201755285,0.042073629181923915,0.7746998203650493,0.6322530864200369,0.9951420937575963,0.6342105263160726,0.492899512884978,0.3141021728515625,0.17879734003341552,-0.17879734003341552,Grape,grape downy mildew
59_grape_downy_mildew_161,images/val/grape_downy_mildew_161.jpg,Grape — Downy Mildew,5,Grape — Downy Mildew,5,True,0.9947595000267029,Citrus — Citrus Canker,0.001185926259495318,0.9935735737672076,0.018888512193971134,0.6842762805658619,0.5200759631079754,0.7480489073914145,0.6305229689767511,0.0347108666567563,0.029327392578125,0.005383474078631302,-0.005383474078631302,Grape,grape downy mildew
59_grape_downy_mildew_17,images/train/grape_downy_mildew_17.jpg,Grape — Downy Mildew,5,Grape — Downy Mildew,5,True,0.9943177103996277,Corn — Gray Leaf Spot,0.0010531111620366573,0.993264599237591,0.02037527925602325,0.9247207724196865,0.8599819923060326,0.9413662103076099,0.9086537629946402,0.2204234081419624,0.2128753662109375,0.007548041931024901,-0.007548041931024901,Grape,grape downy mildew
59_grape_downy_mildew_171,images/train/grape_downy_mildew_171.jpg,Grape — Downy Mildew,5,Grape — Downy Mildew,5,True,0.9900880455970764,Apple — Black Rot,0.001999450847506523,0.9880885947495699,0.03324165065790679,0.9444729760266519,0.8947880580749146,0.9890289549541915,0.9037584525869793,0.3880666666666666,0.3546600341796875,0.033406632486979115,-0.033406632486979115,Grape,grape downy mildew
59_grape_downy_mildew_216,images/train/grape_downy_mildew_216.jpg,Grape — Downy Mildew,5,Grape — Downy Mildew,5,True,0.9309513568878174,Banana — Black Sigatoka,0.017776209861040115,0.9131751470267773,0.16701842909032222,0.9341495661449286,0.8764358830031554,0.9726303125651329,0.898597811217727,0.1784518970189701,0.16488265991210938,0.013569237106860726,-0.013569237106860726,Grape,grape downy mildew
59_grape_downy_mildew_221,images/train/grape_downy_mildew_221.jpg,Grape — Downy Mildew,5,Grape — Downy Mildew,5,True,0.9948787689208984,Apple — Black Rot,0.0010677420068532228,0.9938110269140452,0.018589229953346137,0.8912758321991198,0.8038751729992324,0.8366128470209394,0.9535813584007584,0.1440481283422459,0.16420364379882812,0.02015551545658223,0.02015551545658223,Grape,grape downy mildew
59_grape_downy_mildew_231,images/val/grape_downy_mildew_231.jpg,Grape — Downy Mildew,5,Soybean — Frogeye Leaf Spot,7,False,0.6323302984237671,Potato — Late Blight,0.1459076702594757,0.4864226281642914,0.5699655857902152,0.8262835647688457,0.7039890896702898,0.987611804658786,0.7102610849309956,0.110851094470046,0.07975387573242188,0.031097218737624124,-0.031097218737624124,Grape,grape downy mildew
59_grape_downy_mildew_277,images/train/grape_downy_mildew_277.jpg,Grape — Downy Mildew,5,Grape — Downy Mildew,5,True,0.9982913136482239,Potato — Late Blight,0.0003239828802179545,0.9979673307680059,0.0070418707868690625,0.661511094467444,0.49422232170478103,0.6355785837664235,0.6896497872186403,0.0976025688988651,0.10601806640625,0.008415497507384906,0.008415497507384906,Grape,grape downy mildew
59_grape_downy_mildew_36,images/train/grape_downy_mildew_36.jpg,Grape — Downy Mildew,5,Grape — Downy Mildew,5,True,0.9773555994033813,Soybean — Frogeye Leaf Spot,0.004612370394170284,0.9727432290092111,0.06715235652454976,0.9584707642031981,0.9202533460042153,0.9728579927486767,0.9445028688502561,0.7004539924631317,0.6796798706054688,0.02077412185766292,-0.02077412185766292,Grape,grape downy mildew
59_grape_downy_mildew_72,images/train/grape_downy_mildew_72.jpg,Grape — Downy Mildew,5,Grape — Downy Mildew,5,True,0.9893777966499329,Potato — Late Blight,0.004689790774136782,0.9846880058757961,0.033805560299066034,0.9195238182855546,0.8510357135559946,0.9713730368527668,0.8729292576420101,0.5457545771865121,0.4906463623046875,0.0551082148818246,-0.0551082148818246,Grape,grape downy mildew
59_grape_downy_mildew_74,images/train/grape_downy_mildew_74.jpg,Grape — Downy Mildew,5,Grape — Downy Mildew,5,True,0.9921231865882874,Citrus — Citrus Canker,0.0012847129255533218,0.990838473662734,0.027275255298600098,0.509050571632239,0.3414271215020029,0.9844013490725513,0.3432843565423856,0.4409662921348314,0.1538238525390625,0.2871424395957689,-0.2871424395957689,Grape,grape downy mildew
59_grape_downy_mildew_google_0016,images/train/grape_downy_mildew_google_0016.jpg,Grape — Downy Mildew,5,Grape — Downy Mildew,5,True,0.9928921461105347,Potato — Late Blight,0.001948882476426661,0.990943263634108,0.024444673198806725,0.5577539515910495,0.3867259350185971,0.4043269230864691,0.8988243676559022,0.0107628038194444,0.0238037109375,0.0130409071180556,0.0130409071180556,Grape,grape downy mildew
59_grape_downy_mildew_google_0019,images/train/grape_downy_mildew_google_0019.jpg,Grape — Downy Mildew,5,Grape — Downy Mildew,5,True,0.9895094633102417,Corn — Gray Leaf Spot,0.0022129658609628677,0.9872964974492788,0.0350093484269168,0.353592248306923,0.21476590349145344,0.9487924747664283,0.217284488497722,0.3152364583333333,0.07218551635742188,0.24305094197591143,-0.24305094197591143,Grape,grape downy mildew
59_grape_downy_mildew_google_0027,images/train/grape_downy_mildew_google_0027.jpg,Grape — Downy Mildew,5,Grape — Downy Mildew,5,True,0.9906706809997559,Potato — Late Blight,0.0019912312272936106,0.9886794497724622,0.03147577784966347,0.922243779715749,0.8557072205742603,0.8763371150734346,0.9732259370923223,0.0848809523809523,0.094146728515625,0.009265776134672707,0.009265776134672707,Grape,grape downy mildew
59_grape_downy_mildew_google_0046,images/train/grape_downy_mildew_google_0046.jpg,Grape — Downy Mildew,5,Grape — Downy Mildew,5,True,0.9983283877372742,Tomato — Early Blight,0.00034279824467375875,0.9979855894926004,0.006846117049737396,0.4928286422953317,0.326989124213812,0.613377910099045,0.411880376895679,0.2330202515936142,0.15631866455078125,0.07670158704283295,-0.07670158704283295,Grape,grape downy mildew
59_grape_downy_mildew_google_0071,images/train/grape_downy_mildew_google_0071.jpg,Grape — Downy Mildew,5,Grape — Downy Mildew,5,True,0.9909434914588928,Potato — Late Blight,0.0022018759045749903,0.9887416155543178,0.030310627765278965,0.7460066583721525,0.5949048002156211,0.8313596162500698,0.6765477279668297,0.1250651041666666,0.1017913818359375,0.023273722330729107,-0.023273722330729107,Grape,grape downy mildew
59_grape_downy_mildew_google_0115,images/val/grape_downy_mildew_google_0115.jpg,Grape — Downy Mildew,5,Grape — Downy Mildew,5,True,0.7969118356704712,Potato — Late Blight,0.16525892913341522,0.631652906537056,0.2942773310228122,0.8455447427648616,0.7324188074556202,0.8250665017014227,0.8670654011183629,0.2935213032581453,0.3083229064941406,0.014801603235995331,0.014801603235995331,Grape,grape downy mildew
59_grape_downy_mildew_google_0200,images/train/grape_downy_mildew_google_0200.jpg,Grape — Downy Mildew,5,Grape — Downy Mildew,5,True,0.929304838180542,Citrus — Citrus Canker,0.0330127477645874,0.8962920904159546,0.16293938291710078,0.4921484037973499,0.3263904783720496,0.8816982687559652,0.34133886539710806,0.1433811802232855,0.0555267333984375,0.087854446824848,-0.087854446824848,Grape,grape downy mildew
59_grape_downy_mildew_google_0219,images/train/grape_downy_mildew_google_0219.jpg,Grape — Downy Mildew,5,Grape — Downy Mildew,5,True,0.9958036541938782,Corn — Gray Leaf Spot,0.0007925538229756057,0.9950111003709026,0.015657008216810406,0.8002949231097529,0.6670763827930919,0.6874524990058722,0.9574575331420059,0.0756603422619047,0.10540390014648438,0.029743557884579677,0.029743557884579677,Grape,grape downy mildew
59_grape_downy_mildew_google_0232,images/train/grape_downy_mildew_google_0232.jpg,Grape — Downy Mildew,5,Grape — Downy Mildew,5,True,0.9492501616477966,Apple — Black Rot,0.02655942551791668,0.92269073612988,0.12292643212939854,0.9007280902585435,0.8193860702495133,0.9966223926240435,0.8216677955900097,0.2026848591549295,0.16715240478515625,0.03553245436977326,-0.03553245436977326,Grape,grape downy mildew
59_grape_downy_mildew_google_0264,images/train/grape_downy_mildew_google_0264.jpg,Grape — Downy Mildew,5,Grape — Downy Mildew,5,True,0.9649825692176819,Potato — Late Blight,0.01551318634301424,0.9494693828746676,0.0920326808629735,0.35247347269252,0.21394099994804244,0.8627437104141299,0.22147937540379747,0.420237037037037,0.10780715942382812,0.3124298776132089,-0.3124298776132089,Grape,grape downy mildew
59_grape_downy_mildew_google_0379,images/train/grape_downy_mildew_google_0379.jpg,Grape — Downy Mildew,5,Grape — Downy Mildew,5,True,0.9498942494392395,Wheat — Leaf Rust,0.01693652756512165,0.9329577218741179,0.1282794174046227,0.9670668381837328,0.9362337021722705,0.9592018817422592,0.9750618380161254,0.6007783391876603,0.6114082336425781,0.010629894454917799,0.010629894454917799,Grape,grape downy mildew
76_potato_late_blight_37,images/train/potato_late_blight_37.jpg,Potato — Late Blight,6,Potato — Late Blight,6,True,0.9457984566688538,Tomato — Early Blight,0.0507562980055809,0.8950421586632729,0.09942354546581997,0.7442418168481768,0.5926633223133261,0.8468618906046232,0.6638041118641814,0.1192716607601124,0.09366226196289062,0.02560939879722178,-0.02560939879722178,Potato,potato late blight
76_potato_late_blight_google_0022,images/train/potato_late_blight_google_0022.jpg,Potato — Late Blight,6,Potato — Late Blight,6,True,0.9699838757514954,Tomato — Early Blight,0.016582932323217392,0.953400943428278,0.07466595297470174,0.7811261007813216,0.6408588298447226,0.9851963098047873,0.6470900675320618,0.351992935489868,0.23114395141601562,0.12084898407385236,-0.12084898407385236,Potato,potato late blight
76_potato_late_blight_google_0036,images/train/potato_late_blight_google_0036.jpg,Potato — Late Blight,6,Tomato — Early Blight,8,False,0.6887911558151245,Potato — Late Blight,0.31002652645111084,0.37876462936401367,0.27343237028606693,0.8074888935906935,0.677133226895647,0.956721530621132,0.6985298603080673,0.0624592592592592,0.045658111572265625,0.016801147686993576,-0.016801147686993576,Potato,potato late blight
76_potato_late_blight_google_0038,images/train/potato_late_blight_google_0038.jpg,Potato — Late Blight,6,Potato — Late Blight,6,True,0.9881835579872131,Soybean — Frogeye Leaf Spot,0.0033431791234761477,0.984840378863737,0.03679589441661109,0.7328201799140647,0.5783079625323602,0.8433297758821415,0.6479173499536903,0.0464868215031315,0.03574371337890625,0.01074310812422525,-0.01074310812422525,Potato,potato late blight
76_potato_late_blight_google_0042,images/train/potato_late_blight_google_0042.jpg,Potato — Late Blight,6,Potato — Late Blight,6,True,0.9984484910964966,Tomato — Early Blight,0.0012981967302039266,0.9971502943662927,0.005538094216820024,0.6833776134927033,0.5190384277960378,0.5928568565374881,0.8065219762252889,0.0699544557051845,0.09516525268554688,0.02521079698036237,0.02521079698036237,Potato,potato late blight
76_potato_late_blight_google_0130,images/train/potato_late_blight_google_0130.jpg,Potato — Late Blight,6,Potato — Late Blight,6,True,0.9706714749336243,Tomato — Early Blight,0.01730285957455635,0.9533686153590679,0.07410927522594239,0.9161652218256847,0.8452997082904954,0.9522749438155614,0.8826939706000262,0.1938874771698562,0.17992401123046875,0.013963465939387437,-0.013963465939387437,Potato,potato late blight
76_potato_late_blight_google_0154,images/train/potato_late_blight_google_0154.jpg,Potato — Late Blight,6,Tomato — Early Blight,8,False,0.6896592974662781,Potato — Late Blight,0.2953829765319824,0.39427632093429565,0.306761331079377,0.8228198828898694,0.6989753487428032,0.7984405807495994,0.8487348525267725,0.2000816243240485,0.21282196044921875,0.012740336125170254,0.012740336125170254,Potato,potato late blight
76_potato_late_blight_google_0175,images/train/potato_late_blight_google_0175.jpg,Potato — Late Blight,6,Potato — Late Blight,6,True,0.9726772904396057,Apple — Black Rot,0.012419755570590496,0.9602575348690152,0.07420244529742447,0.9373501985689591,0.8820875864341751,0.9630441816156252,0.9129916161135693,0.223878592908595,0.21222686767578125,0.011651725232813742,-0.011651725232813742,Potato,potato late blight
76_potato_late_blight_google_0178,images/train/potato_late_blight_google_0178.jpg,Potato — Late Blight,6,Potato — Late Blight,6,True,0.9652581810951233,Citrus — Citrus Canker,0.01222265511751175,0.9530355259776115,0.09213855447340949,0.8525754884558454,0.7430340557310131,0.7465512577800033,0.9936993699371072,0.02119,0.02820587158203125,0.0070158715820312495,0.0070158715820312495,Potato,potato late blight
86_soybean_frog_eye_leaf_spot_Bing_0010,images/val/soybean_frog_eye_leaf_spot_Bing_0010.jpg,Soybean — Frogeye Leaf Spot,7,Soybean — Frogeye Leaf Spot,7,True,0.897199273109436,Apple — Black Rot,0.019107721745967865,0.8780915513634682,0.23858835553882118,0.6849592466971031,0.5208654142294409,0.8729595457775567,0.5635856208614912,0.183292,0.11824798583984375,0.06504401416015626,-0.06504401416015626,Soybean,soybean frog eye leaf spot
86_soybean_frog_eye_leaf_spot_Bing_0023,images/train/soybean_frog_eye_leaf_spot_Bing_0023.jpg,Soybean — Frogeye Leaf Spot,7,Soybean — Frogeye Leaf Spot,7,True,0.8686498403549194,Grape — Downy Mildew,0.11576250195503235,0.7528873383998871,0.20311474227005372,0.7953678663064362,0.6602578862547195,0.9219886660507134,0.6993262811337398,0.1251875559488932,0.09491348266601562,0.030274073282877567,-0.030274073282877567,Soybean,soybean frog eye leaf spot
86_soybean_frog_eye_leaf_spot_Bing_0044,images/train/soybean_frog_eye_leaf_spot_Bing_0044.jpg,Soybean — Frogeye Leaf Spot,7,Soybean — Frogeye Leaf Spot,7,True,0.9919108748435974,Grape — Downy Mildew,0.001650279969908297,0.9902605948736891,0.027697170696276394,0.8513847316265868,0.741227071473969,0.870406132089614,0.8331769189206143,0.4024467468261719,0.3851966857910156,0.01725006103515625,-0.01725006103515625,Soybean,soybean frog eye leaf spot
86_soybean_frog_eye_leaf_spot_Bing_0048,images/train/soybean_frog_eye_leaf_spot_Bing_0048.jpg,Soybean — Frogeye Leaf Spot,7,Soybean — Frogeye Leaf Spot,7,True,0.47466325759887695,Tomato — Early Blight,0.2721870541572571,0.20247620344161987,0.5302124524665583,0.8564711279317389,0.7489720188549583,0.8681029138253409,0.8451469312310974,0.3032464591567852,0.29534912109375,0.00789733806303522,-0.00789733806303522,Soybean,soybean frog eye leaf spot
86_soybean_frog_eye_leaf_spot_Bing_0057,images/train/soybean_frog_eye_leaf_spot_Bing_0057.jpg,Soybean — Frogeye Leaf Spot,7,Soybean — Frogeye Leaf Spot,7,True,0.9743847846984863,Bell Pepper — Bacterial Spot,0.0042783948592841625,0.9701063898392022,0.07557981825734884,0.8554939066680594,0.7474786824224149,0.8611163746249054,0.849944383742482,0.3874836156483162,0.3825035095214844,0.004980106126831807,-0.004980106126831807,Soybean,soybean frog eye leaf spot
86_soybean_frog_eye_leaf_spot_Bing_0063,images/train/soybean_frog_eye_leaf_spot_Bing_0063.jpg,Soybean — Frogeye Leaf Spot,7,Soybean — Frogeye Leaf Spot,7,True,0.9923954010009766,Wheat — Leaf Rust,0.0015508950455114245,0.9908445059554651,0.026329470999139255,0.8838906443193065,0.7919391050891209,0.7983897787684099,0.9899007305199863,0.6197075041956366,0.7685203552246094,0.1488128510289728,0.1488128510289728,Soybean,soybean frog eye leaf spot
86_soybean_frog_eye_leaf_spot_Bing_0075,images/train/soybean_frog_eye_leaf_spot_Bing_0075.jpg,Soybean — Frogeye Leaf Spot,7,Soybean — Frogeye Leaf Spot,7,True,0.9958542585372925,Bell Pepper — Bacterial Spot,0.0008587833144702017,0.9949954752228223,0.0154666978134549,0.8884418057158388,0.7992760165724707,0.9002632654419911,0.8769267800439959,0.4120968253968254,0.4013710021972656,0.01072582319955978,-0.01072582319955978,Soybean,soybean frog eye leaf spot
86_soybean_frog_eye_leaf_spot_Bing_0098,images/train/soybean_frog_eye_leaf_spot_Bing_0098.jpg,Soybean — Frogeye Leaf Spot,7,Soybean — Frogeye Leaf Spot,7,True,0.9790568351745605,Citrus — Citrus Canker,0.003897714428603649,0.9751591207459569,0.06340352470622479,0.7630383267073877,0.6168649709869167,0.617833384870628,0.9974654702320791,0.2980176290699766,0.4811210632324219,0.1831034341624453,0.1831034341624453,Soybean,soybean frog eye leaf spot
86_soybean_frog_eye_leaf_spot_Bing_0107,images/train/soybean_frog_eye_leaf_spot_Bing_0107.jpg,Soybean — Frogeye Leaf Spot,7,Soybean — Frogeye Leaf Spot,7,True,0.981101930141449,Apple — Black Rot,0.00526264775544405,0.9758392823860049,0.05627751885975445,0.9802391311795607,0.961244112370599,0.987826603325424,0.9727673289543656,0.560935960591133,0.552459716796875,0.008476243794258043,-0.008476243794258043,Soybean,soybean frog eye leaf spot
86_soybean_frog_eye_leaf_spot_Bing_0120,images/val/soybean_frog_eye_leaf_spot_Bing_0120.jpg,Soybean — Frogeye Leaf Spot,7,Soybean — Frogeye Leaf Spot,7,True,0.8959201574325562,Wheat — Leaf Rust,0.03858112916350365,0.8573390282690525,0.22697940475540504,0.8273189228230581,0.7054935386310636,0.9501429354347308,0.7326145798835841,0.3340547068807938,0.2575416564941406,0.07651305038665318,-0.07651305038665318,Soybean,soybean frog eye leaf spot
86_soybean_frog_eye_leaf_spot_Bing_0139,images/train/soybean_frog_eye_leaf_spot_Bing_0139.jpg,Soybean — Frogeye Leaf Spot,7,Soybean — Frogeye Leaf Spot,7,True,0.8644109964370728,Grape — Downy Mildew,0.12033192068338394,0.7440790757536888,0.2062239965260689,0.46147234869856096,0.2999441370513674,0.31295188664939433,0.878291011061387,0.0980224609375,0.2748832702636719,0.17686080932617188,0.17686080932617188,Soybean,soybean frog eye leaf spot
86_soybean_frog_eye_leaf_spot_Bing_0144,images/train/soybean_frog_eye_leaf_spot_Bing_0144.jpg,Soybean — Frogeye Leaf Spot,7,Soybean — Frogeye Leaf Spot,7,True,0.9618905186653137,Grape — Downy Mildew,0.009986327961087227,0.9519041907042265,0.10437680608971167,0.8877790012228374,0.7982037762270568,0.9661560054553365,0.8211641045265241,0.3391653182308522,0.2880973815917969,0.051067936639055345,-0.051067936639055345,Soybean,soybean frog eye leaf spot
86_soybean_frog_eye_leaf_spot_Bing_0184,images/train/soybean_frog_eye_leaf_spot_Bing_0184.jpg,Soybean — Frogeye Leaf Spot,7,Soybean — Frogeye Leaf Spot,7,True,0.9733956456184387,Citrus — Citrus Canker,0.009980625472962856,0.9634150201454759,0.0731670518649988,0.8049369466060431,0.673551863494032,0.8743900859279883,0.7457052899049075,0.2072423299153646,0.17668914794921875,0.030553181966145843,-0.030553181966145843,Soybean,soybean frog eye leaf spot
86_soybean_frog_eye_leaf_spot_Bing_0220,images/train/soybean_frog_eye_leaf_spot_Bing_0220.jpg,Soybean — Frogeye Leaf Spot,7,Apple — Black Rot,0,False,0.41806742548942566,Soybean — Frogeye Leaf Spot,0.28380003571510315,0.1342673897743225,0.6940904088230694,0.6763137475031976,0.5109320628116406,0.5363595894004185,0.915091810749419,0.170987418985894,0.291351318359375,0.12036389937348099,0.12036389937348099,Soybean,soybean frog eye leaf spot
86_soybean_frog_eye_leaf_spot_Google_0031,images/train/soybean_frog_eye_leaf_spot_Google_0031.jpg,Soybean — Frogeye Leaf Spot,7,Soybean — Frogeye Leaf Spot,7,True,0.9950245022773743,Grape — Downy Mildew,0.0011473497143015265,0.9938771525630727,0.018111075671617807,0.9119357613282725,0.83812676578874,0.8510820804693163,0.9821618476232638,0.570474817069914,0.6581802368164062,0.08770541974649226,0.08770541974649226,Soybean,soybean frog eye leaf spot
86_soybean_frog_eye_leaf_spot_Google_0064,images/train/soybean_frog_eye_leaf_spot_Google_0064.jpg,Soybean — Frogeye Leaf Spot,7,Soybean — Frogeye Leaf Spot,7,True,0.9728444218635559,Grape — Downy Mildew,0.006375318858772516,0.9664691030047834,0.07845304425420627,0.9183697136819844,0.8490606497422606,0.9266202951310841,0.9102647611020726,0.2985940375414059,0.2934074401855469,0.005186597355859024,-0.005186597355859024,Soybean,soybean frog eye leaf spot
86_soybean_frog_eye_leaf_spot_Google_0213,images/train/soybean_frog_eye_leaf_spot_Google_0213.jpg,Soybean — Frogeye Leaf Spot,7,Soybean — Frogeye Leaf Spot,7,True,0.9733956456184387,Citrus — Citrus Canker,0.009980625472962856,0.9634150201454759,0.0731670518649988,0.8350636189620143,0.7168319511304745,0.8005742907729164,0.8726583827547005,0.1622085571289062,0.17668914794921875,0.014480590820312556,0.014480590820312556,Soybean,soybean frog eye leaf spot
86_soybean_frog_eye_leaf_spot_Google_0355,images/train/soybean_frog_eye_leaf_spot_Google_0355.jpg,Soybean — Frogeye Leaf Spot,7,Soybean — Frogeye Leaf Spot,7,True,0.9919180274009705,Grape — Downy Mildew,0.0015927834901958704,0.9903252439107746,0.02771641367797758,0.7050221486899332,0.5444279591168036,0.582971295197969,0.8917106684268995,0.2542141106121701,0.3889808654785156,0.13476675486634554,0.13476675486634554,Soybean,soybean frog eye leaf spot
97_tomato_early_blight_121,images/train/tomato_early_blight_121.jpg,Tomato — Early Blight,8,Tomato — Early Blight,8,True,0.9943689703941345,Potato — Late Blight,0.003961227834224701,0.9904077425599098,0.0178632741504927,0.9518613110440576,0.9081444288563111,0.9343772422234969,0.9700121809084241,0.4353622291021672,0.4519081115722656,0.016545882470098416,0.016545882470098416,Tomato,tomato early blight
97_tomato_early_blight_242,images/train/tomato_early_blight_242.jpg,Tomato — Early Blight,8,Potato — Late Blight,6,False,0.6105008125305176,Tomato — Early Blight,0.3605215847492218,0.24997922778129578,0.3518245825147171,0.5853579351789115,0.41378518972296674,0.818553268767879,0.4555714646723189,0.0452949002217294,0.02520751953125,0.020087380690479398,-0.020087380690479398,Tomato,tomato early blight
97_tomato_early_blight_28,images/val/tomato_early_blight_28.jpg,Tomato — Early Blight,8,Tomato — Early Blight,8,True,0.9951751232147217,Bell Pepper — Bacterial Spot,0.0015387055464088917,0.9936364176683128,0.016982169178629804,0.8747349784706897,0.777359076959802,0.8164347790615022,0.9420016947559458,0.0809798020718791,0.09349441528320312,0.012514613211324022,0.012514613211324022,Tomato,tomato early blight
97_tomato_early_blight_29,images/train/tomato_early_blight_29.jpg,Tomato — Early Blight,8,Tomato — Early Blight,8,True,0.7892946600914001,Bell Pepper — Bacterial Spot,0.1902579367160797,0.5990367233753204,0.26320694685154367,0.6993551978489616,0.5376988372955439,0.6386511903783898,0.7728111544005247,0.0372348004769654,0.045024871826171875,0.007790071349206472,0.007790071349206472,Tomato,tomato early blight
97_tomato_early_blight_93,images/train/tomato_early_blight_93.jpg,Tomato — Early Blight,8,Tomato — Early Blight,8,True,0.9946097135543823,Potato — Late Blight,0.002497689565643668,0.9921120239887387,0.017722561262441677,0.9034580696597343,0.823915661282094,0.8455377440981107,0.9698971608917583,0.2851955114966267,0.3272056579589844,0.04201014646235768,0.04201014646235768,Tomato,tomato early blight
97_tomato_early_blight_google_0013,images/train/tomato_early_blight_google_0013.jpg,Tomato — Early Blight,8,Tomato — Early Blight,8,True,0.9606552720069885,Grape — Downy Mildew,0.020320242270827293,0.9403350297361612,0.09856616336605094,0.8626253815965367,0.7584355828232437,0.7949761366501131,0.9428588452604251,0.0640077243018419,0.07593154907226562,0.011923824770423724,0.011923824770423724,Tomato,tomato early blight
97_tomato_early_blight_google_0021,images/train/tomato_early_blight_google_0021.jpg,Tomato — Early Blight,8,Tomato — Early Blight,8,True,0.9254850149154663,Apple — Black Rot,0.07173164933919907,0.8537533655762672,0.12141576584709336,0.8053979928944004,0.6741977563274871,0.8010787687163239,0.8097640460006588,0.1219723264540337,0.12305831909179688,0.0010859926377631696,0.0010859926377631696,Tomato,tomato early blight
97_tomato_early_blight_google_0032,images/train/tomato_early_blight_google_0032.jpg,Tomato — Early Blight,8,Tomato — Early Blight,8,True,0.9970377683639526,Bell Pepper — Bacterial Spot,0.0015596940647810698,0.9954780742991716,0.010371258508555959,0.3714440617430704,0.228081856458212,0.2299370224870887,0.9658346463223906,0.0920907297830374,0.38645172119140625,0.29436099140836886,0.29436099140836886,Tomato,tomato early blight
97_tomato_early_blight_google_0040,images/train/tomato_early_blight_google_0040.jpg,Tomato — Early Blight,8,Tomato — Early Blight,8,True,0.9336228966712952,Potato — Late Blight,0.036498021334409714,0.8971248753368855,0.1438934063778284,0.9541219274116864,0.9122687934845387,0.9534450651773216,0.9547997513546328,0.0429631944444444,0.043018341064453125,5.514662000872389e-05,5.514662000872389e-05,Tomato,tomato early blight
97_tomato_early_blight_google_0044,images/train/tomato_early_blight_google_0044.jpg,Tomato — Early Blight,8,Tomato — Early Blight,8,True,0.9994743466377258,Potato — Late Blight,0.00022626601275987923,0.999248080624966,0.0023329174828472877,0.9041651275306514,0.8250924936285043,0.9048907162953457,0.9034407014639574,0.2116333333333333,0.2115325927734375,0.00010074055989581221,-0.00010074055989581221,Tomato,tomato early blight
97_tomato_early_blight_google_0101,images/train/tomato_early_blight_google_0101.jpg,Tomato — Early Blight,8,Tomato — Early Blight,8,True,0.9979704022407532,Potato — Late Blight,0.0005366481491364539,0.9974337540916167,0.008076658325848694,0.7371719704016975,0.583746918126665,0.6336735757903006,0.8810793395088504,0.2371281464530892,0.3292503356933594,0.09212218924027019,0.09212218924027019,Tomato,tomato early blight
97_tomato_early_blight_google_0117,images/train/tomato_early_blight_google_0117.jpg,Tomato — Early Blight,8,Tomato — Early Blight,8,True,0.6776789426803589,Bell Pepper — Bacterial Spot,0.21149110794067383,0.46618783473968506,0.4257772994042495,0.28036723164477073,0.16303901438230967,0.2453267418624235,0.32708547890160483,0.0185070744902205,0.024692535400390625,0.0061854609101701236,0.0061854609101701236,Tomato,tomato early blight
97_tomato_early_blight_google_0120,images/train/tomato_early_blight_google_0120.jpg,Tomato — Early Blight,8,Potato — Late Blight,6,False,0.48699814081192017,Grape — Downy Mildew,0.2478967010974884,0.23910143971443176,0.5709350153038649,0.5397106034544283,0.369591537632259,0.39649986328003484,0.8448652585601621,0.0261087570621468,0.0558013916015625,0.0296926345394157,0.0296926345394157,Tomato,tomato early blight
97_tomato_early_blight_google_0145,images/train/tomato_early_blight_google_0145.jpg,Tomato — Early Blight,8,Tomato — Early Blight,8,True,0.99505615234375,Potato — Late Blight,0.002825954230502248,0.9922301981132478,0.016220772249397844,0.8331870693006184,0.7140708226481701,0.90939639469911,0.7687631082916909,0.1439384793683753,0.12146759033203125,0.02247088903634406,-0.02247088903634406,Tomato,tomato early blight
97_tomato_early_blight_google_0183,images/train/tomato_early_blight_google_0183.jpg,Tomato — Early Blight,8,Citrus — Citrus Canker,3,False,0.7779753804206848,Apple — Black Rot,0.09523589164018631,0.6827394887804985,0.3519614157432659,0.348094996498398,0.21072337438438377,0.22508982971652838,0.7675261027086349,0.0358463541666666,0.12208938598632812,0.08624303181966153,0.08624303181966153,Tomato,tomato early blight
97_tomato_early_blight_google_0353,images/train/tomato_early_blight_google_0353.jpg,Tomato — Early Blight,8,Tomato — Early Blight,8,True,0.9710485935211182,Bell Pepper — Bacterial Spot,0.007126837503165007,0.9639217560179532,0.08253225868622181,0.7144530860508096,0.5557580810929481,0.6229433371739813,0.8374777196626904,0.1304306851380642,0.17551040649414062,0.045079721356076435,0.045079721356076435,Tomato,tomato early blight
105_wheat_leaf_rust_Baidu_0009,images/train/wheat_leaf_rust_Baidu_0009.jpg,Wheat — Leaf Rust,9,Wheat — Leaf Rust,9,True,0.9339799284934998,Banana — Black Sigatoka,0.039433594793081284,0.8945463337004185,0.14736858468203992,0.9832764316746566,0.967103018270982,0.9841998926666284,0.9823547019993031,0.2421123456790123,0.24167633056640625,0.0004360151126060474,-0.0004360151126060474,Wheat,wheat leaf rust
105_wheat_leaf_rust_Bing_0051,images/train/wheat_leaf_rust_Bing_0051.jpg,Wheat — Leaf Rust,9,Wheat — Leaf Rust,9,True,0.9988982677459717,Corn — Gray Leaf Spot,0.0002917336532846093,0.9986065340926871,0.004675966086546503,0.8468977716253803,0.7344515956919091,0.9401118367696673,0.7705009795693911,0.2181427647474471,0.17873382568359375,0.03940893906385334,-0.03940893906385334,Wheat,wheat leaf rust
105_wheat_leaf_rust_Google_0251,images/val/wheat_leaf_rust_Google_0251.jpg,Wheat — Leaf Rust,9,Wheat — Leaf Rust,9,True,0.763329267501831,Banana — Black Sigatoka,0.2229539304971695,0.5403753370046616,0.2695934811839506,0.8941067440880535,0.8084928082419686,0.8938329634437975,0.894380692501535,0.7286105371900826,0.728790283203125,0.00017974601304238114,0.00017974601304238114,Wheat,wheat leaf rust
105_wheat_leaf_rust_Google_0263,images/train/wheat_leaf_rust_Google_0263.jpg,Wheat — Leaf Rust,9,Wheat — Leaf Rust,9,True,0.9988351464271545,Corn — Gray Leaf Spot,0.0003144204674754292,0.9985207259596791,0.004915977144611526,0.8209713168799078,0.6963115729361524,0.95136119299473,0.7220147719239328,0.2319029648750911,0.175994873046875,0.0559080918282161,-0.0559080918282161,Wheat,wheat leaf rust
105_wheat_leaf_rust_Google_0367,images/train/wheat_leaf_rust_Google_0367.jpg,Wheat — Leaf Rust,9,Wheat — Leaf Rust,9,True,0.9932239055633545,Corn — Gray Leaf Spot,0.002609866438433528,0.990614039124921,0.023188278311834072,0.792539920160112,0.6563694596561065,0.7173667570019672,0.8853121516170321,0.0820930577531645,0.101348876953125,0.0192558191999605,0.0192558191999605,Wheat,wheat leaf rust
105_wheat_leaf_rust_Google_0387,images/train/wheat_leaf_rust_Google_0387.jpg,Wheat — Leaf Rust,9,Wheat — Leaf Rust,9,True,0.939153790473938,Corn — Gray Leaf Spot,0.03927089273929596,0.899882897734642,0.1329559764416311,0.7229806598418537,0.5661469933212463,0.6259762189571099,0.8555630349085915,0.0396785714285714,0.054218292236328125,0.014539720807756722,0.014539720807756722,Wheat,wheat leaf rust
0_apple_black_rot_7,images/test/apple_black_rot_7.jpg,Apple — Black Rot,0,Apple — Black Rot,0,True,0.4633309245109558,Potato — Late Blight,0.3069598972797394,0.15637102723121643,0.6087234554038371,0.8838434022263323,0.7918632600392428,0.9661127403066567,0.8144858529455683,0.041673276845769,0.035121917724609375,0.006551359121159624,-0.006551359121159624,Apple,apple black rot
5_banana_black_leaf_streak_Bing_0094,images/test/banana_black_leaf_streak_Bing_0094.jpg,Banana — Black Sigatoka,1,Banana — Black Sigatoka,1,True,0.9616304039955139,Corn — Gray Leaf Spot,0.00603092648088932,0.9555994775146246,0.10649161204369414,0.97663084663977,0.9543289862050437,0.96679054824226,0.9866735201818058,0.7050281954887218,0.7195320129394531,0.014503817450731371,0.014503817450731371,Banana,banana black leaf streak
5_banana_black_leaf_streak_banana black sigatoka (91),images/test/banana_black_leaf_streak_banana black sigatoka (91).jpg,Banana — Black Sigatoka,1,Banana — Black Sigatoka,1,True,0.9137731790542603,Soybean — Frogeye Leaf Spot,0.015405621379613876,0.8983675576746464,0.20547616384423753,0.9908659620466037,0.9818972750697854,0.9863052184828822,0.9954690799396709,0.6323693015474697,0.6381607055664062,0.005791404018936519,0.005791404018936519,Banana,banana black leaf streak
14_bell_pepper_bacterial_spot_Bing_0019,images/test/bell_pepper_bacterial_spot_Bing_0019.jpg,Bell Pepper — Bacterial Spot,2,Tomato — Early Blight,8,False,0.7936542630195618,Bell Pepper — Bacterial Spot,0.16929078102111816,0.6243634819984436,0.2808201221012227,0.6756582759297121,0.5101842399518245,0.7022415523606408,0.6510142050762917,0.0614827473958333,0.057010650634765625,0.004472096761067676,-0.004472096761067676,Bell pepper,bell pepper bacterial spot
38_citrus_canker_103,images/test/citrus_canker_103.jpg,Citrus — Citrus Canker,3,Citrus — Citrus Canker,3,True,0.972507119178772,Bell Pepper — Bacterial Spot,0.01502097025513649,0.9574861489236355,0.07045904306095499,0.35598878355780494,0.2165367121634741,0.22597050348828668,0.8383647798843796,0.0060612739695834,0.022502899169921875,0.016441625200338476,0.016441625200338476,Citrus,citrus canker
38_citrus_canker_107,images/test/citrus_canker_107.jpg,Citrus — Citrus Canker,3,Citrus — Citrus Canker,3,True,0.9887069463729858,Bell Pepper — Bacterial Spot,0.003305338555946946,0.9854016078170389,0.03672315808137299,0.7587335351396599,0.6112575797547373,0.8135087719314604,0.7108692319507062,0.0497792881165919,0.043487548828125,0.006291739288466901,-0.006291739288466901,Citrus,citrus canker
38_citrus_canker_11,images/test/citrus_canker_11.jpg,Citrus — Citrus Canker,3,Citrus — Citrus Canker,3,True,0.9856033325195312,Bell Pepper — Bacterial Spot,0.010219991207122803,0.9753833413124084,0.039690942284763754,0.6628418685019303,0.4957094100463398,0.49580610553254756,0.9996067250024618,0.0388552517361111,0.07822418212890625,0.03936893039279515,0.03936893039279515,Citrus,citrus canker
38_citrus_canker_125,images/test/citrus_canker_125.jpg,Citrus — Citrus Canker,3,Citrus — Citrus Canker,3,True,0.8799081444740295,Bell Pepper — Bacterial Spot,0.09261714667081833,0.7872909978032112,0.20439658953537873,0.9151163183308317,0.8435156079803195,0.9769663326365188,0.8606312714344575,0.1201665296052631,0.10582733154296875,0.014339198062294348,-0.014339198062294348,Citrus,citrus canker
38_citrus_canker_130,images/test/citrus_canker_130.jpg,Citrus — Citrus Canker,3,Citrus — Citrus Canker,3,True,0.9853218793869019,Bell Pepper — Bacterial Spot,0.007940377108752728,0.9773815022781491,0.04362003104349727,0.25232238649989425,0.14437581883157635,0.15074650199659678,0.7735659847618619,0.0189673353909465,0.09760284423828125,0.07863550884733475,0.07863550884733475,Citrus,citrus canker
38_citrus_canker_147,images/test/citrus_canker_147.jpg,Citrus — Citrus Canker,3,Citrus — Citrus Canker,3,True,0.9838993549346924,Bell Pepper — Bacterial Spot,0.005790536291897297,0.9781088186427951,0.0490808507912578,0.8978687648005045,0.8146659273643163,0.8661753868834873,0.9319695528072103,0.0721795243619489,0.07764816284179688,0.005468638479847979,0.005468638479847979,Citrus,citrus canker
38_citrus_canker_149,images/test/citrus_canker_149.jpg,Citrus — Citrus Canker,3,Citrus — Citrus Canker,3,True,0.8932904005050659,Grape — Downy Mildew,0.018610592931509018,0.8746798075735569,0.2464109398498458,0.8983055457340384,0.8153853750064758,0.8782174005532897,0.9193341869399705,0.2056141651606658,0.2151947021484375,0.009580536987771698,0.009580536987771698,Citrus,citrus canker
38_citrus_canker_26,images/test/citrus_canker_26.jpg,Citrus — Citrus Canker,3,Citrus — Citrus Canker,3,True,0.9906598925590515,Bell Pepper — Bacterial Spot,0.003186749527230859,0.9874731430318207,0.031016159539126533,0.6588160551819509,0.49121975977164195,0.5663571818695234,0.7873528933250862,0.0702848575712143,0.09778594970703125,0.027501092135816946,0.027501092135816946,Citrus,citrus canker
38_citrus_canker_321,images/test/citrus_canker_321.jpg,Citrus — Citrus Canker,3,Citrus — Citrus Canker,3,True,0.9461601972579956,Soybean — Frogeye Leaf Spot,0.025898439809679985,0.9202617574483156,0.12690247803466773,0.8860104734425863,0.7953490156959386,0.8677412602057034,0.9050655021838206,0.0873140857392826,0.09111404418945312,0.003799958450170532,0.003799958450170532,Citrus,citrus canker
38_citrus_canker_352,images/test/citrus_canker_352.jpg,Citrus — Citrus Canker,3,Citrus — Citrus Canker,3,True,0.9924042820930481,Apple — Black Rot,0.0014551050262525678,0.9909491770667955,0.02634901166947614,0.7977865292325059,0.6635980619345616,0.9658143242581377,0.6795599180246369,0.1767067070065602,0.124420166015625,0.05228654099093519,-0.05228654099093519,Citrus,citrus canker
38_citrus_canker_4,images/test/citrus_canker_4.jpg,Citrus — Citrus Canker,3,Citrus — Citrus Canker,3,True,0.9925808906555176,Bell Pepper — Bacterial Spot,0.005938108544796705,0.9866427821107209,0.02187284723835762,0.45540360398193586,0.2948366350953774,0.9935339100652705,0.2954034693453759,0.4345041069941048,0.12919998168945312,0.3053041253046517,-0.3053041253046517,Citrus,citrus canker
38_citrus_canker_google_0093,images/test/citrus_canker_google_0093.jpg,Citrus — Citrus Canker,3,Citrus — Citrus Canker,3,True,0.9756941795349121,Bell Pepper — Bacterial Spot,0.016466384753584862,0.9592277947813272,0.06011897067273466,0.8312678361176011,0.7112560617454025,0.7660364866861629,0.9086427293752077,0.0874503396129693,0.1037139892578125,0.016263649644843198,0.016263649644843198,Citrus,citrus canker
44_corn_gray_leaf_spot_31,images/test/corn_gray_leaf_spot_31.jpg,Corn — Gray Leaf Spot,4,Corn — Gray Leaf Spot,4,True,0.999541163444519,Banana — Black Sigatoka,0.0002203849289799109,0.9993207785155391,0.0020401862123148417,0.3408544571373185,0.20543975699113604,0.25243719765426803,0.5245968565037529,0.0751482536116408,0.15534591674804688,0.08019766313640607,0.08019766313640607,Corn,corn gray leaf spot
44_corn_gray_leaf_spot_google_0066,images/test/corn_gray_leaf_spot_google_0066.jpg,Corn — Gray Leaf Spot,4,Corn — Gray Leaf Spot,4,True,0.9906275272369385,Wheat — Leaf Rust,0.004575932398438454,0.9860515948385,0.030050742350566657,0.6840664354818883,0.5198335644959786,0.5544378698246822,0.8928060981428235,0.0477215863721054,0.077362060546875,0.0296404741747696,0.0296404741747696,Corn,corn gray leaf spot
44_corn_gray_leaf_spot_google_0089,images/test/corn_gray_leaf_spot_google_0089.jpg,Corn — Gray Leaf Spot,4,Corn — Gray Leaf Spot,4,True,0.9798120260238647,Wheat — Leaf Rust,0.013519768603146076,0.9662922574207187,0.051381582712711274,0.5443084673318591,0.37391745099636114,0.9426525666447617,0.3826212151025856,0.4266625111383332,0.17314910888671875,0.25351340225161445,-0.25351340225161445,Corn,corn gray leaf spot
59_grape_downy_mildew_190,images/test/grape_downy_mildew_190.jpg,Grape — Downy Mildew,5,Grape — Downy Mildew,5,True,0.9723798036575317,Potato — Late Blight,0.009265098720788956,0.9631147049367428,0.07825121135920154,0.7410182672450464,0.5885854003809523,0.6470380194530608,0.8669383499982612,0.0805663104640958,0.10786056518554688,0.02729425472145107,0.02729425472145107,Grape,grape downy mildew
59_grape_downy_mildew_202,images/test/grape_downy_mildew_202.jpg,Grape — Downy Mildew,5,Grape — Downy Mildew,5,True,0.9956398010253906,Potato — Late Blight,0.001013968256302178,0.9946258327690884,0.016128550251505547,0.9493674849699795,0.903615175990368,0.9529032764988561,0.9458578358733628,0.2445632424877707,0.24274826049804688,0.001814981989723824,-0.001814981989723824,Grape,grape downy mildew
59_grape_downy_mildew_203,images/test/grape_downy_mildew_203.jpg,Grape — Downy Mildew,5,Grape — Downy Mildew,5,True,0.9854869842529297,Tomato — Early Blight,0.003582920413464308,0.9819040638394654,0.04581752325179151,0.5549990777924393,0.3840821616538684,0.4955032553910382,0.630732021929601,0.118272,0.15057754516601562,0.03230554516601562,0.03230554516601562,Grape,grape downy mildew
59_grape_downy_mildew_29,images/test/grape_downy_mildew_29.jpg,Grape — Downy Mildew,5,Grape — Downy Mildew,5,True,0.9968032836914062,Potato — Late Blight,0.0007486873073503375,0.9960545963840559,0.012089146820895848,0.45872506115158934,0.2976270161733232,0.6406097504307278,0.3572835666156593,0.2943263319672131,0.16416168212890625,0.13016464983830683,-0.13016464983830683,Grape,grape downy mildew
59_grape_downy_mildew_google_0001,images/test/grape_downy_mildew_google_0001.jpg,Grape — Downy Mildew,5,Grape — Downy Mildew,5,True,0.9808712601661682,Corn — Gray Leaf Spot,0.004025500733405352,0.9768457594327629,0.05870229634140578,0.8978031289398024,0.8145578639472941,0.8987876029300336,0.8968208092489809,0.0923190709320816,0.09218978881835938,0.00012928211372222054,-0.00012928211372222054,Grape,grape downy mildew
59_grape_downy_mildew_google_0033,images/test/grape_downy_mildew_google_0033.jpg,Grape — Downy Mildew,5,Grape — Downy Mildew,5,True,0.495001882314682,Soybean — Frogeye Leaf Spot,0.2974279522895813,0.1975739300251007,0.6075393276689267,0.3010357351060349,0.17718779690078543,0.1798842567828749,0.9219994507024993,0.013927304964539,0.07118988037109375,0.05726257540655475,0.05726257540655475,Grape,grape downy mildew
59_grape_downy_mildew_google_0133,images/test/grape_downy_mildew_google_0133.jpg,Grape — Downy Mildew,5,Grape — Downy Mildew,5,True,0.9938569664955139,Potato — Late Blight,0.0020214442629367113,0.9918355222325772,0.02138111738411755,0.8033654068405702,0.6713539884549815,0.9475619255336539,0.6972590648038045,0.3328222036647757,0.24486541748046875,0.08795678618430697,-0.08795678618430697,Grape,grape downy mildew
59_grape_downy_mildew_google_0206,images/test/grape_downy_mildew_google_0206.jpg,Grape — Downy Mildew,5,Grape — Downy Mildew,5,True,0.9962647557258606,Wheat — Leaf Rust,0.0011759152403101325,0.9950888404855505,0.01373423246520382,0.7500046724607513,0.6000059807724166,0.680579346370299,0.8352030303664428,0.1831074108818011,0.22492599487304688,0.04181858399124577,0.04181858399124577,Grape,grape downy mildew
76_potato_late_blight_google_0053,images/test/potato_late_blight_google_0053.jpg,Potato — Late Blight,6,Potato — Late Blight,6,True,0.7773967981338501,Tomato — Early Blight,0.19776861369609833,0.5796281844377518,0.28115097066234307,0.8523388440347243,0.7426746471335417,0.7807936135253308,0.9383182844247273,0.0676304761904761,0.08123397827148438,0.013603502081008273,0.013603502081008273,Potato,potato late blight
76_potato_late_blight_google_0082,images/test/potato_late_blight_google_0082.jpg,Potato — Late Blight,6,Potato — Late Blight,6,True,0.6526311635971069,Citrus — Citrus Canker,0.28947362303733826,0.3631575405597687,0.39019222115588853,0.8415130653650047,0.7263897763613241,0.7392378722884739,0.9766323024058998,0.0221747936984246,0.029331207275390625,0.007156413576966024,0.007156413576966024,Potato,potato late blight
76_potato_late_blight_google_0100,images/test/potato_late_blight_google_0100.jpg,Potato — Late Blight,6,Potato — Late Blight,6,True,0.9636995792388916,Tomato — Early Blight,0.00996434036642313,0.9537352388724685,0.09430691849584967,0.6238350459166906,0.453314149635576,0.5197087765228389,0.7801400273242816,0.044704586501078,0.06706619262695312,0.022361606125875122,0.022361606125875122,Potato,potato late blight
86_soybean_frog_eye_leaf_spot_Baidu_0012,images/test/soybean_frog_eye_leaf_spot_Baidu_0012.jpg,Soybean — Frogeye Leaf Spot,7,Soybean — Frogeye Leaf Spot,7,True,0.9825351238250732,Apple — Black Rot,0.003562331199645996,0.9789727926254272,0.0540942898200055,0.7579171339976926,0.6101985259948075,0.6988001277435121,0.8279608641600246,0.2119808265652308,0.2508430480957031,0.038862221530472335,0.038862221530472335,Soybean,soybean frog eye leaf spot
86_soybean_frog_eye_leaf_spot_Bing_0047,images/test/soybean_frog_eye_leaf_spot_Bing_0047.jpg,Soybean — Frogeye Leaf Spot,7,Soybean — Frogeye Leaf Spot,7,True,0.9890790581703186,Tomato — Early Blight,0.0026584318839013577,0.9864206262864172,0.035461524521561226,0.9002685384595817,0.8186257917898576,0.9168532023974351,0.8842732036842379,0.2189791666666666,0.2113189697265625,0.007660196940104114,-0.007660196940104114,Soybean,soybean frog eye leaf spot
86_soybean_frog_eye_leaf_spot_Bing_0126,images/test/soybean_frog_eye_leaf_spot_Bing_0126.jpg,Soybean — Frogeye Leaf Spot,7,Soybean — Frogeye Leaf Spot,7,True,0.7030652761459351,Bell Pepper — Bacterial Spot,0.18190351128578186,0.5211617648601532,0.443230007536302,0.35182982296777054,0.21346692706456027,0.4523209787742684,0.28787358296525895,0.0667092314901593,0.0424041748046875,0.024305056685471796,-0.024305056685471796,Soybean,soybean frog eye leaf spot
86_soybean_frog_eye_leaf_spot_Google_0362,images/test/soybean_frog_eye_leaf_spot_Google_0362.jpg,Soybean — Frogeye Leaf Spot,7,Soybean — Frogeye Leaf Spot,7,True,0.3750186562538147,Tomato — Early Blight,0.21275608241558075,0.16226257383823395,0.8023006938475182,0.7323685230651684,0.5777456117106912,0.9204859193816863,0.6080938995347852,0.3554557291666667,0.23488616943359375,0.12056955973307293,-0.12056955973307293,Soybean,soybean frog eye leaf spot
97_tomato_early_blight_155,images/test/tomato_early_blight_155.jpg,Tomato — Early Blight,8,Tomato — Early Blight,8,True,0.9647921323776245,Grape — Downy Mildew,0.012834380380809307,0.9519577519968152,0.0941409959103993,0.47226461469345327,0.30912723449146345,0.5183918180232114,0.43367557679992425,0.1295307017543859,0.10816574096679688,0.021364960787589038,-0.021364960787589038,Tomato,tomato early blight
97_tomato_early_blight_173,images/test/tomato_early_blight_173.jpg,Tomato — Early Blight,8,Tomato — Early Blight,8,True,0.9964507818222046,Bell Pepper — Bacterial Spot,0.0016513541340827942,0.9947994276881218,0.012749745407355911,0.8312318137734079,0.7112033195031641,0.737665792872422,0.9519818227722697,0.0754733558845495,0.09749984741210938,0.02202649152755988,0.02202649152755988,Tomato,tomato early blight
97_tomato_early_blight_191,images/test/tomato_early_blight_191.jpg,Tomato — Early Blight,8,Tomato — Early Blight,8,True,0.932033896446228,Bell Pepper — Bacterial Spot,0.03853990137577057,0.8934939950704575,0.14280563915999575,0.8019778481020492,0.6694182130379092,0.7914584634619655,0.8127806286095832,0.0476596955470194,0.048858642578125,0.001198947031105603,0.001198947031105603,Tomato,tomato early blight
97_tomato_early_blight_4,images/test/tomato_early_blight_4.jpg,Tomato — Early Blight,8,Tomato — Early Blight,8,True,0.998503565788269,Apple — Black Rot,0.0010495638707652688,0.9974540019175038,0.0055493331762224716,0.8928417730601267,0.8064265353728612,0.8256393929755618,0.9719532762822665,0.061032967032967,0.07189178466796875,0.010858817635001752,0.010858817635001752,Tomato,tomato early blight
97_tomato_early_blight_google_0247,images/test/tomato_early_blight_google_0247.jpg,Tomato — Early Blight,8,Apple — Black Rot,0,False,0.7211155295372009,Tomato — Early Blight,0.24992243945598602,0.4711930900812149,0.3122164623855988,0.8168944508483174,0.6904662491309939,0.7752289277126755,0.8632930776463882,0.1094921508903467,0.12205886840820312,0.01256671751785643,0.01256671751785643,Tomato,tomato early blight
97_tomato_early_blight_google_0267,images/test/tomato_early_blight_google_0267.jpg,Tomato — Early Blight,8,Grape — Downy Mildew,5,False,0.36839398741722107,Potato — Late Blight,0.24224324524402618,0.12615074217319489,0.7138012276297335,0.9493833427898148,0.9036439088172826,0.9498939316981388,0.9488733024923179,0.1277230795035223,0.12767410278320312,4.897672031917155e-05,-4.897672031917155e-05,Tomato,tomato early blight
97_tomato_early_blight_google_0319,images/test/tomato_early_blight_google_0319.jpg,Tomato — Early Blight,8,Tomato — Early Blight,8,True,0.9892786145210266,Soybean — Frogeye Leaf Spot,0.004051350522786379,0.9852272639982402,0.03448912459304656,0.733819439226236,0.5795535502305917,0.8677333333356847,0.6357124251154505,0.02925,0.021457672119140625,0.007792327880859377,-0.007792327880859377,Tomato,tomato early blight
105_wheat_leaf_rust_Baidu_0317,images/test/wheat_leaf_rust_Baidu_0317.jpg,Wheat — Leaf Rust,9,Wheat — Leaf Rust,9,True,0.9662766456604004,Corn — Gray Leaf Spot,0.007407398894429207,0.9588692467659712,0.09443614124971188,0.8799736731887154,0.785672311555677,0.9690001647176116,0.8059292544598023,0.1391079092581238,0.11579513549804688,0.023312773760076927,-0.023312773760076927,Wheat,wheat leaf rust
105_wheat_leaf_rust_Bing_0020,images/test/wheat_leaf_rust_Bing_0020.jpg,Wheat — Leaf Rust,9,Wheat — Leaf Rust,9,True,0.9971475005149841,Corn — Gray Leaf Spot,0.0008872230537235737,0.9962602774612606,0.010927392651980556,0.6583935198120003,0.49075010409926423,0.9999696978879429,0.4907574022582414,0.2563952095808383,0.12588882446289062,0.13050638511794765,-0.13050638511794765,Wheat,wheat leaf rust
105_wheat_leaf_rust_Google_0058,images/test/wheat_leaf_rust_Google_0058.jpg,Wheat — Leaf Rust,9,Wheat — Leaf Rust,9,True,0.9956822395324707,Corn — Gray Leaf Spot,0.0025257898960262537,0.9931564496364444,0.014587254397183655,0.9328294058041633,0.8741146081776687,0.9940330586971046,0.8787253677868748,0.4216470925921496,0.3727149963378906,0.04893209625425898,-0.04893209625425898,Wheat,wheat leaf rust
105_wheat_leaf_rust_Google_0103,images/test/wheat_leaf_rust_Google_0103.jpg,Wheat — Leaf Rust,9,Wheat — Leaf Rust,9,True,0.9909045100212097,Banana — Black Sigatoka,0.0027865373995155096,0.9881179726216942,0.03005473526118029,0.8277850036911957,0.7061716547715394,0.9041066437326779,0.7633459109713783,0.294356170299243,0.24839019775390625,0.04596597254533674,-0.04596597254533674,Wheat,wheat leaf rust
105_wheat_leaf_rust_Google_0358,images/test/wheat_leaf_rust_Google_0358.jpg,Wheat — Leaf Rust,9,Wheat — Leaf Rust,9,True,0.9984490871429443,Banana — Black Sigatoka,0.00044555161730386317,0.9980035355256405,0.006333758505554417,0.872618136405881,0.7740217973918635,0.9109106583403542,0.8374151895311747,0.1970996845076659,0.18142318725585938,0.01567649725180653,-0.01567649725180653,Wheat,wheat leaf rust
